2018.09.24.21.44.46, START_FILE_DOWNLOAD, 96966f90c022b52d8d87c187cba6d52e, pri_user.bgp, 0, 683.0, 9674209814
2018.09.24.21.50.17, STOP_FILE_DOWNLOAD, 328b973a15e17b1967e66f6dbabe54eb, MapDisarm_Log_9674209814_20180926153827.txt, 235239, 235239.0, 9674209814
2018.09.24.21.52.37, START_FILE_DOWNLOAD, 1a2dbeb04fb317b23358a57437eef61a, pub_8981775377.bgp, 0, 313.0, 8981775377
2018.09.24.21.52.42, STOP_FILE_DOWNLOAD, cb42cb9f7f7819ec854598e46c634df8, 25cda873531746142c1b1275703abfcf_v8981775377_volunteer_50_cefea3bb169af318.png, 41992, 154111.0, 192.168.43.197
2018.09.24.21.53.27, START_FILE_DOWNLOAD, c1bce22129c64c91763600b0f37b7d, 25cda873531746142c1b1275703abfcf_v8981775377_volunteer_50_3.diff, 0, 479.0, 8981775377
2018.09.24.21.58.18, START_FILE_DOWNLOAD, 71dcf2cb26564c01d6252a0fe2ab69, pub_7318831572.bgp, 0, 313.0, 7318831572
2018.09.24.21.58.18, STOP_FILE_DOWNLOAD, d3cf63dbc4593a824a3adcfc1ed14690, 4673b1dd3f0a126bbe42416549847c89_v7318831572_volunteer_50_22c62c8b86427216.jpeg, 201168, 201168.0, 192.168.43.235
2018.09.24.22.37.21, START_FILE_DOWNLOAD, b49779a77ce55bd5f1bee0071e52882, 4673b1dd3f0a126bbe42416549847c89_v7318831572_volunteer_50_14.diff, 0, 1721.0, 192.168.43.235
2018.09.24.22.37.41, STOP_FILE_DOWNLOAD, 4fc14571f798bc9f8051afafe418ca60, MapDisarm_Log_8981775377_20180926162527.txt, 1142412, 1142412.0, 7318831572
2018.09.24.22.40.01, STOP_FILE_DOWNLOAD, 3561412d5d7dd2d35a62dee4f2f89e, MapDisarm_Log_8981775377_20180926162807.txt, 1144004, 1144004.0, 8981775377
2018.09.24.22.57.32, START_FILE_DOWNLOAD, 46ccc933d3a473495bcfc4434119a4b, pub_9433075181.bgp, 0, 313.0, 9433075181
2018.09.24.22.57.33, STOP_FILE_DOWNLOAD, 46ccc933d3a473495bcfc4434119a4b, pub_9433075181.bgp, 313, 313.0, 9433075181
2018.09.24.23.10.22, START_FILE_DOWNLOAD, 3c1efeff8f765538d4f9dc74bb3e35cb, 1a5b38d26c6829a459875f1dab80abfd_v9674209814_volunteer_50_24.diff, 0, 3070.0, 9674209814
2018.09.24.23.15.58, START_FILE_DOWNLOAD, 757b2fb252bc8546b71d05d5ecd7, pub_8906912588.bgp, 0, 313.0, 8906912588
2018.09.24.23.16.23, STOP_FILE_DOWNLOAD, 169133d4e648c583bb26cf979693919a, MapDisarm_Log_8906912588_20180926170430.txt, 14024, 14024.0, 8906912588
2018.09.24.23.17.03, STOP_FILE_DOWNLOAD, 81652d5fa09b2bdec51b8db698be53b6, MapDisarm_Log_9674209814_20180926170505.txt, 317449, 317449.0, 9674209814
2018.09.24.23.46.59, START_FILE_DOWNLOAD, f374106df32040f4d1d427788afe5c, MapDisarm_Log_9674209814_20180926173503.txt, 0, 320444.0, 9674209814
2018.09.24.23.46.59, STOP_FILE_DOWNLOAD, f374106df32040f4d1d427788afe5c, MapDisarm_Log_9674209814_20180926173503.txt, 320444, 320444.0, 9674209814
2018.09.24.23.46.59, START_FILE_DOWNLOAD, f374106df32040f4d1d427788afe5c, MapDisarm_Log_9674209814_20180926173503.txt, 0, 320444.0, 9674209814
2018.09.24.23.46.59, STOP_FILE_DOWNLOAD, f374106df32040f4d1d427788afe5c, MapDisarm_Log_9674209814_20180926173503.txt, 320444, 320444.0, 9674209814
2018.09.24.23.46.59, START_FILE_DOWNLOAD, f374106df32040f4d1d427788afe5c, MapDisarm_Log_9674209814_20180926173503.txt, 0, 320444.0, 9674209814
2018.09.24.23.46.59, STOP_FILE_DOWNLOAD, f374106df32040f4d1d427788afe5c, MapDisarm_Log_9674209814_20180926173503.txt, 320444, 320444.0, 9674209814
2018.09.24.23.46.59, START_FILE_DOWNLOAD, f374106df32040f4d1d427788afe5c, MapDisarm_Log_9674209814_20180926173503.txt, 0, 320444.0, 9674209814
2018.09.24.23.46.59, STOP_FILE_DOWNLOAD, f374106df32040f4d1d427788afe5c, MapDisarm_Log_9674209814_20180926173503.txt, 320444, 320444.0, 9674209814
2018.09.24.23.46.59, START_FILE_DOWNLOAD, f374106df32040f4d1d427788afe5c, MapDisarm_Log_9674209814_20180926173503.txt, 0, 320444.0, 9674209814
2018.09.24.23.46.59, STOP_FILE_DOWNLOAD, f374106df32040f4d1d427788afe5c, MapDisarm_Log_9674209814_20180926173503.txt, 320444, 320444.0, 9674209814
2018.09.24.23.46.59, START_FILE_DOWNLOAD, f374106df32040f4d1d427788afe5c, MapDisarm_Log_9674209814_20180926173503.txt, 0, 320444.0, 9674209814
2018.09.24.23.46.59, STOP_FILE_DOWNLOAD, f374106df32040f4d1d427788afe5c, MapDisarm_Log_9674209814_20180926173503.txt, 320444, 320444.0, 9674209814
2018.09.24.23.46.59, START_FILE_DOWNLOAD, f374106df32040f4d1d427788afe5c, MapDisarm_Log_9674209814_20180926173503.txt, 0, 320444.0, 9674209814
2018.09.24.23.46.59, STOP_FILE_DOWNLOAD, f374106df32040f4d1d427788afe5c, MapDisarm_Log_9674209814_20180926173503.txt, 320444, 320444.0, 9674209814
2018.09.24.23.46.59, START_FILE_DOWNLOAD, f374106df32040f4d1d427788afe5c, MapDisarm_Log_9674209814_20180926173503.txt, 0, 320444.0, 9674209814
2018.09.24.23.46.59, STOP_FILE_DOWNLOAD, f374106df32040f4d1d427788afe5c, MapDisarm_Log_9674209814_20180926173503.txt, 320444, 320444.0, 9674209814
2018.09.24.23.52.04, START_FILE_DOWNLOAD, ddff6aa4c92d77f71135b4233ff7493, 36c154ae91f2643d47ef57df6ccd5841_v9433075181_volunteer_50.bgp, 0, 841.0, 9433075181
2018.09.24.23.52.24, STOP_FILE_DOWNLOAD, fbf6f6f072f31facf458398118f2d58, MapDisarm_Log_9433075181_20180926171934.txt, 43182, 43182.0, 9433075181
2018.09.25.00.03.24, START_FILE_DOWNLOAD, 1b218c5b5457d90ee5371442259e453, 4673b1dd3f0a126bbe42416549847c89_v7318831572_volunteer_50_23.diff, 0, 2718.0, 192.168.43.235
2018.09.25.00.03.25, STOP_FILE_DOWNLOAD, f16a877d2bbd57323ab38feb8977, 4673b1dd3f0a126bbe42416549847c89_v7318831572_volunteer_50_af42ee5726fd84e9.jpeg, 207834, 207834.0, 192.168.43.235
2018.09.25.01.01.51, START_FILE_DOWNLOAD, 1c5c2850cd528ac87c98f0e02898a, pub_9100000002.bgp, 0, 313.0, 9100000002
2018.09.25.01.01.51, STOP_FILE_DOWNLOAD, 1c5c2850cd528ac87c98f0e02898a, pub_9100000002.bgp, 313, 313.0, 9100000002
2018.09.25.01.02.21, START_FILE_DOWNLOAD, 82c2b412d27295120587e6369953a12, pub_9100000001.bgp, 0, 313.0, 9100000001
2018.09.26.13.21.44, STOP_FILE_DOWNLOAD, 290bf59a1d46d56b1964883af3dbae2, MapDisarm_Log_9100000001_20180926185129.txt, 49, 49.0, 9100000001
2018.09.26.13.24.44, START_FILE_DOWNLOAD, 5efa264788db41cf553b2777de98e575, pub_7908417144.bgp, 0, 313.0, 7908417144
2018.09.26.13.25.05, STOP_FILE_DOWNLOAD, 079a46f1232b74777c4b280cfe3ce, MapDisarm_Log_7908417144_20180926182240.txt, 16694, 16694.0, 7908417144
2018.09.26.13.25.15, START_FILE_DOWNLOAD, 1be1d364451e2c46324b0115f0a74, aa953979c1f5f7af3d91007b57f842c9_v9100000001_volunteer_50_2bdc5ab132d7d2e9.jpeg, 0, 256137.0, 192.168.43.198
2018.09.26.13.25.20, STOP_FILE_DOWNLOAD, df44f4f9ed287f4bf471e8c4e628989d, aa953979c1f5f7af3d91007b57f842c9_v9100000001_volunteer_50_ea961fb708c2aed4.png, 14480, 112259.0, 192.168.43.198
2018.09.26.13.28.15, START_FILE_DOWNLOAD, 4533c3cc76349dece1efcd25fae5a9b2, aa953979c1f5f7af3d91007b57f842c9_v9100000001_volunteer_50_10.diff, 0, 1288.0, 192.168.43.198
2018.09.26.13.44.47, STOP_FILE_DOWNLOAD, c1f570e17eb7ac1bfbaede7ec3f01d, MapDisarm_Log_9100000001_20180926191437.txt, 2590, 2590.0, 9100000001
2018.09.26.13.45.04, START_FILE_DOWNLOAD, bb5b825a26ac1e9b026608344d7eb53, 5385347fbb3af66dd97da924fa23c9b_v9100000002_volunteer_50_15.diff, 0, 1887.0, 192.168.43.246
2018.09.26.13.45.16, STOP_FILE_DOWNLOAD, 54fd262c9461eb336bb5fbc2e4c09bc9, 5385347fbb3af66dd97da924fa23c9b_v9100000002_volunteer_50_871ced2f04bbfcde.jpeg, 208512, 211122.0, 192.168.43.246
2018.09.26.13.45.28, START_FILE_DOWNLOAD, e0f41967dd7c1d8514aad86cbef0ba40, MapDisarm_Log_9100000002_20180926190435.txt, 0, 11259.0, 7318831572
2018.09.26.13.45.28, STOP_FILE_DOWNLOAD, 96b54293af7e7b777ea06ab52c7be6, MapDisarm_Log_9100000001_20180926191457.txt, 2640, 2640.0, 7318831572
2018.09.26.13.53.08, START_FILE_DOWNLOAD, 54fd262c9461eb336bb5fbc2e4c09bc9, 5385347fbb3af66dd97da924fa23c9b_v9100000002_volunteer_50_871ced2f04bbfcde.jpeg, 208512, 211122.0, 9100000001
2018.09.26.13.54.29, STOP_FILE_DOWNLOAD, a498923b4a57a55017344646dc1dc2, MapDisarm_Log_9100000001_20180926192421.txt, 51264, 51264.0, 9100000001
2018.09.26.14.10.49, START_FILE_DOWNLOAD, 9ec9bbce14ccafd81ca3d64911daa7cd, MapDisarm_Log_9100000001_20180926194030.txt, 0, 263590.0, 9100000001
2018.09.26.14.22.11, START_FILE_DOWNLOAD, ecc05f84d1c8c136e3ed4dbe8cc5ad30, MapDisarm_Log_9100000002_20180926195200.txt, 0, 184908.0, 9100000002
2018.09.26.14.22.11, STOP_FILE_DOWNLOAD, ecc05f84d1c8c136e3ed4dbe8cc5ad30, MapDisarm_Log_9100000002_20180926195200.txt, 184908, 184908.0, 9100000002
2018.09.26.14.28.52, START_FILE_DOWNLOAD, 7c9ffdd44c2bdf31aa35b93bca9d5df9, 36c154ae91f2643d47ef57df6ccd5841_v9433075181_volunteer_50_32.diff, 0, 3463.0, 9433075181
2018.09.26.14.29.53, STOP_FILE_DOWNLOAD, e02a32d0105bcdea94821d5ea65e3447, MapDisarm_Log_9100000001_20180926195909.txt, 280947, 280947.0, 9433075181
2018.09.26.14.55.36, STOP_FILE_DOWNLOAD, 3b7bed6667d37a094cdfd7a4158ce3e, MapDisarm_Log_9100000001_20180926202519.txt, 306681, 306681.0, 9100000001
2018.09.27.06.15.06, START_FILE_DOWNLOAD, 88a0d37313e2ab4159499a012f609e, 27e451e5f1bb5e568aeaf34ac092e2b3_7908417144_volunteer_50_12.diff, 0, 1545.0, 7908417144
2018.09.27.06.15.12, STOP_FILE_DOWNLOAD, 7916922081efa767e3ce407c66e73a, MapDisarm_Log_7908417144_20180927113145.txt, 23758, 23758.0, 7908417144
2018.09.27.06.22.46, START_FILE_DOWNLOAD, ee3ec9aff5030193b27bb720e594, 1a5b38d26c6829a459875f1dab80abfd_v9674209814_volunteer_50_31.diff, 0, 3876.0, 9674209814
2018.09.27.06.22.46, START_FILE_DOWNLOAD, f7e29f3978bb4329032733eae6cda9, 1a5b38d26c6829a459875f1dab80abfd_v9674209814_volunteer_50_cac90e1ccd95000d.jpeg, 0, 182886.0, 192.168.43.208
2018.09.27.06.22.46, START_FILE_DOWNLOAD, f7e29f3978bb4329032733eae6cda9, 1a5b38d26c6829a459875f1dab80abfd_v9674209814_volunteer_50_cac90e1ccd95000d.jpeg, 0, 182886.0, 192.168.43.208
2018.09.27.06.22.46, START_FILE_DOWNLOAD, f7e29f3978bb4329032733eae6cda9, 1a5b38d26c6829a459875f1dab80abfd_v9674209814_volunteer_50_cac90e1ccd95000d.jpeg, 0, 182886.0, 192.168.43.208
2018.09.27.06.22.46, START_FILE_DOWNLOAD, f7e29f3978bb4329032733eae6cda9, 1a5b38d26c6829a459875f1dab80abfd_v9674209814_volunteer_50_cac90e1ccd95000d.jpeg, 0, 182886.0, 192.168.43.208
2018.09.27.06.22.47, STOP_FILE_DOWNLOAD, f7e29f3978bb4329032733eae6cda9, 1a5b38d26c6829a459875f1dab80abfd_v9674209814_volunteer_50_cac90e1ccd95000d.jpeg, 182886, 182886.0, 192.168.43.208
2018.09.27.06.22.47, STOP_FILE_DOWNLOAD, f7e29f3978bb4329032733eae6cda9, 1a5b38d26c6829a459875f1dab80abfd_v9674209814_volunteer_50_cac90e1ccd95000d.jpeg, 182886, 182886.0, 192.168.43.208
2018.09.27.06.22.47, STOP_FILE_DOWNLOAD, f7e29f3978bb4329032733eae6cda9, 1a5b38d26c6829a459875f1dab80abfd_v9674209814_volunteer_50_cac90e1ccd95000d.jpeg, 182886, 182886.0, 192.168.43.208
2018.09.27.06.22.47, STOP_FILE_DOWNLOAD, f7e29f3978bb4329032733eae6cda9, 1a5b38d26c6829a459875f1dab80abfd_v9674209814_volunteer_50_cac90e1ccd95000d.jpeg, 182886, 182886.0, 192.168.43.208
2018.09.27.06.31.32, STOP_FILE_DOWNLOAD, 33e79d3e944126ec81bdb8bd7fd695, MapDisarm_Log_9674209814_20180927120113.txt, 323038, 323038.0, 9674209814
2018.09.27.06.32.12, START_FILE_DOWNLOAD, 9d29de66aea5c2232f6163cd33615b3, MapDisarm_Log_9674209814_20180927120154.txt, 0, 323138.0, 9674209814
2018.09.27.06.33.12, STOP_FILE_DOWNLOAD, f5cc381ab1b667e97734639e383689, MapDisarm_Log_9674209814_20180927120253.txt, 323287, 323287.0, 9674209814
2018.09.27.06.33.32, START_FILE_DOWNLOAD, 9ada234d2e682db6e5e797b85e010, MapDisarm_Log_9674209814_20180927120313.txt, 0, 323337.0, 9674209814
2018.09.27.06.35.35, STOP_FILE_DOWNLOAD, 4870909fb9ccbc8c1341fe17295b29, MapDisarm_Log_9674209814_20180927120514.txt, 323635, 323635.0, 9674209814
2018.09.27.07.22.13, START_FILE_DOWNLOAD, b24c885932e0342dc914b21981ec81af, 27e451e5f1bb5e568aeaf34ac092e2b3_7908417144_volunteer_50_38.diff, 0, 4060.0, 7908417144
2018.09.27.07.22.33, STOP_FILE_DOWNLOAD, 2c1cb8cac7ae4833f30558b92fda444, MapDisarm_Log_7908417144_20180927123938.txt, 27738, 27738.0, 7908417144
2018.09.27.09.25.55, START_FILE_DOWNLOAD, ef2fca9a5e2509d7971d06b1cd0478a, 5385347fbb3af66dd97da924fa23c9b_v9100000002_volunteer_50_78.diff, 0, 8611.0, 192.168.43.246
2018.09.27.09.26.36, STOP_FILE_DOWNLOAD, 66a415f88a62c1bce8243f2aa101efc, MapDisarm_Log_9100000002_20180927145133.txt, 659026, 659026.0, 9100000002
2018.09.27.09.26.41, START_FILE_DOWNLOAD, 181e5fbcb628ec105ab8d156d4abd59, 25cda873531746142c1b1275703abfcf_v8981775377_volunteer_50_ef5c1a0de93dce0e.jpeg, 0, 170440.0, 192.168.43.197
2018.09.27.09.54.27, STOP_FILE_DOWNLOAD, 7c81f9cddaebc98224fb58b7c041c7f0, 25cda873531746142c1b1275703abfcf_v8981775377_volunteer_50_5424ed8e9568a51a.jpeg, 152871, 152871.0, 192.168.43.197
2018.09.27.09.58.43, START_FILE_DOWNLOAD, e9af707df1279385712e224d9cf0e67, MapDisarm_Log_8981775377_20180927152740.txt, 0, 1249910.0, 9100000001
2018.09.27.09.58.43, START_FILE_DOWNLOAD, e9af707df1279385712e224d9cf0e67, MapDisarm_Log_8981775377_20180927152740.txt, 0, 1249910.0, 9100000001
2018.09.27.09.58.43, START_FILE_DOWNLOAD, e9af707df1279385712e224d9cf0e67, MapDisarm_Log_8981775377_20180927152740.txt, 0, 1249910.0, 9100000001
2018.09.27.09.58.43, START_FILE_DOWNLOAD, e9af707df1279385712e224d9cf0e67, MapDisarm_Log_8981775377_20180927152740.txt, 0, 1249910.0, 9100000001
2018.09.27.09.58.43, START_FILE_DOWNLOAD, e9af707df1279385712e224d9cf0e67, MapDisarm_Log_8981775377_20180927152740.txt, 0, 1249910.0, 9100000001
2018.09.27.09.58.43, START_FILE_DOWNLOAD, e9af707df1279385712e224d9cf0e67, MapDisarm_Log_8981775377_20180927152740.txt, 0, 1249910.0, 9100000001
2018.09.27.09.58.43, START_FILE_DOWNLOAD, e9af707df1279385712e224d9cf0e67, MapDisarm_Log_8981775377_20180927152740.txt, 0, 1249910.0, 9100000001
2018.09.27.10.00.04, STOP_FILE_DOWNLOAD, bb450a8895a09c043b6777f3bc68, MapDisarm_Log_8981775377_20180927152902.txt, 1250110, 1250110.0, 9100000001
2018.09.27.10.00.04, STOP_FILE_DOWNLOAD, bb450a8895a09c043b6777f3bc68, MapDisarm_Log_8981775377_20180927152902.txt, 1250110, 1250110.0, 9100000001
2018.09.27.10.00.04, STOP_FILE_DOWNLOAD, bb450a8895a09c043b6777f3bc68, MapDisarm_Log_8981775377_20180927152902.txt, 1250110, 1250110.0, 9100000001
2018.09.27.10.00.04, STOP_FILE_DOWNLOAD, bb450a8895a09c043b6777f3bc68, MapDisarm_Log_8981775377_20180927152902.txt, 1250110, 1250110.0, 9100000001
2018.09.27.10.00.04, STOP_FILE_DOWNLOAD, bb450a8895a09c043b6777f3bc68, MapDisarm_Log_8981775377_20180927152902.txt, 1250110, 1250110.0, 9100000001
2018.09.27.10.00.04, STOP_FILE_DOWNLOAD, bb450a8895a09c043b6777f3bc68, MapDisarm_Log_8981775377_20180927152902.txt, 1250110, 1250110.0, 9100000001
2018.09.27.10.00.04, STOP_FILE_DOWNLOAD, bb450a8895a09c043b6777f3bc68, MapDisarm_Log_8981775377_20180927152902.txt, 1250110, 1250110.0, 9100000001
2018.09.27.10.02.19, START_FILE_DOWNLOAD, b479baa3264feb555eb343cdec129b7, 4673b1dd3f0a126bbe42416549847c89_v7318831572_volunteer_50_30.diff, 0, 3693.0, 192.168.43.235
2018.09.27.10.02.19, STOP_FILE_DOWNLOAD, 45926860eb46c11722734672bbaa55, 4673b1dd3f0a126bbe42416549847c89_v7318831572_volunteer_50_c89c908dd445b17a.jpeg, 197349, 197349.0, 192.168.43.235
2018.09.27.10.25.27, START_FILE_DOWNLOAD, 3863d51c45e669353eaff97d8876a3e1, 27e451e5f1bb5e568aeaf34ac092e2b3_7908417144_volunteer_50_131.diff, 0, 1004.0, 7908417144
2018.09.27.10.25.48, STOP_FILE_DOWNLOAD, 947b4f9c142a5bc45b3fab923cc4f59a, MapDisarm_Log_7908417144_20180927155512.txt, 33813, 33813.0, 7908417144
2018.09.27.10.51.52, START_FILE_DOWNLOAD, eafe7d1321eb8fad13461c98f401a85, MapDisarm_Log_8981775377_20180927162107.txt, 0, 1257339.0, mule-9100000001
2018.09.27.12.37.58, STOP_FILE_DOWNLOAD, 83684eabbff6cc3b324a77782aa27f, MapDisarm_Log_8981775377_20180927180722.txt, 1298649, 1298649.0, mule-9100000001
2018.09.27.12.38.02, START_FILE_DOWNLOAD, 23b5d8a1583f1b9d8e91c4c939dd6d8, b578789dc5e7c3602db886845e7aaae_v8123456789_volunteer_50_1.diff, 0, 168.0, 192.168.43.235
2018.09.27.12.38.02, STOP_FILE_DOWNLOAD, a88dc7e72d3ddd8f2c5296d281bfd7f, b578789dc5e7c3602db886845e7aaae_v8123456789_volunteer_50_4ff659f60297e60a.png, 91970, 91970.0, 192.168.43.235
2018.09.27.12.38.02, START_FILE_DOWNLOAD, 23b5d8a1583f1b9d8e91c4c939dd6d8, b578789dc5e7c3602db886845e7aaae_v8123456789_volunteer_50_1.diff, 0, 168.0, 192.168.43.235
2018.09.27.12.38.02, STOP_FILE_DOWNLOAD, a88dc7e72d3ddd8f2c5296d281bfd7f, b578789dc5e7c3602db886845e7aaae_v8123456789_volunteer_50_4ff659f60297e60a.png, 91970, 91970.0, 192.168.43.235
2018.09.27.12.38.02, START_FILE_DOWNLOAD, 23b5d8a1583f1b9d8e91c4c939dd6d8, b578789dc5e7c3602db886845e7aaae_v8123456789_volunteer_50_1.diff, 0, 168.0, 192.168.43.235
2018.09.27.12.38.02, STOP_FILE_DOWNLOAD, a88dc7e72d3ddd8f2c5296d281bfd7f, b578789dc5e7c3602db886845e7aaae_v8123456789_volunteer_50_4ff659f60297e60a.png, 91970, 91970.0, 192.168.43.235
2018.09.27.12.38.02, START_FILE_DOWNLOAD, 23b5d8a1583f1b9d8e91c4c939dd6d8, b578789dc5e7c3602db886845e7aaae_v8123456789_volunteer_50_1.diff, 0, 168.0, 192.168.43.235
2018.09.27.12.38.02, STOP_FILE_DOWNLOAD, a88dc7e72d3ddd8f2c5296d281bfd7f, b578789dc5e7c3602db886845e7aaae_v8123456789_volunteer_50_4ff659f60297e60a.png, 91970, 91970.0, 192.168.43.235
2018.09.27.12.38.02, START_FILE_DOWNLOAD, 23b5d8a1583f1b9d8e91c4c939dd6d8, b578789dc5e7c3602db886845e7aaae_v8123456789_volunteer_50_1.diff, 0, 168.0, 192.168.43.235
2018.09.27.12.38.02, STOP_FILE_DOWNLOAD, a88dc7e72d3ddd8f2c5296d281bfd7f, b578789dc5e7c3602db886845e7aaae_v8123456789_volunteer_50_4ff659f60297e60a.png, 91970, 91970.0, 192.168.43.235
2018.09.27.12.38.02, START_FILE_DOWNLOAD, 23b5d8a1583f1b9d8e91c4c939dd6d8, b578789dc5e7c3602db886845e7aaae_v8123456789_volunteer_50_1.diff, 0, 168.0, 192.168.43.235
2018.09.27.12.38.02, STOP_FILE_DOWNLOAD, a88dc7e72d3ddd8f2c5296d281bfd7f, b578789dc5e7c3602db886845e7aaae_v8123456789_volunteer_50_4ff659f60297e60a.png, 91970, 91970.0, 192.168.43.235
2018.09.27.12.38.02, START_FILE_DOWNLOAD, c339e317f8b1b067789bf581df9cada, b578789dc5e7c3602db886845e7aaae_v8123456789_volunteer_50.bgp, 0, 684.0, mule-8123456789
2018.09.27.12.38.02, STOP_FILE_DOWNLOAD, a88dc7e72d3ddd8f2c5296d281bfd7f, b578789dc5e7c3602db886845e7aaae_v8123456789_volunteer_50_4ff659f60297e60a.png, 91970, 91970.0, 192.168.43.235
2018.09.27.12.42.53, START_FILE_DOWNLOAD, b43e6cb7245a80970a39c69df75b5f1, MapDisarm_Log_8981775377_20180927181245.txt, 0, 1300241.0, 8981775377
2018.09.27.12.43.39, STOP_FILE_DOWNLOAD, f9c776103bd52f4a596c4231844a93, MapDisarm_Log_8981775377_20180927181327.txt, 1300441, 1300441.0, 8981775377
2018.09.27.12.49.44, START_FILE_DOWNLOAD, c336316acc253e602cea67cbb03ca989, pub_8981068051.bgp, 0, 313.0, 8765000000
2018.09.27.12.52.03, STOP_FILE_DOWNLOAD, a8ee48954b8bc0ce83cb834ef5e44e2, 774993b5b9c789715b5e0d938eba7329_8765000000_user_50_1fc202fd5f06463b.mp4, 14092207, 8090692.0, 192.168.43.126
2018.09.27.12.52.35, START_FILE_DOWNLOAD, 596cb2f852aefc61f9158262754867eb, 2e50dd8768393ff572b88ea7d090bd5d_7000000002_volunteer_50_1.diff, 0, 220.0, 192.168.43.126
2018.09.27.12.54.22, STOP_FILE_DOWNLOAD, 46734dba049922e2b20bcea5143d82e, 2bd51ce6f208e48249162ee88a221710_7000000001_volunteer_50_3b72cf163e67f10d.jpeg, 26064, 234849.0, 192.168.43.126
2018.09.27.12.54.50, START_FILE_DOWNLOAD, 22a42c91e087a4d711fb956e6d667b1, d7d882352f8061f7bdc29a366f7f04c5_8981068051_user_50.bgp, 0, 826.0, 8765000000
2018.09.27.12.54.51, STOP_FILE_DOWNLOAD, e332c4717f8dcd69e454b8c723ed529, b535b310c5611d95cbdb56ebb0718782_9474649114_volunteer_50_1.diff, 500, 500.0, 192.168.43.126
2018.09.27.13.14.41, START_FILE_DOWNLOAD, bfec18c8f2d31b446e662d1cc5c8bb69, MapDisarm_Log_8981775377_20180927184429.txt, 0, 1305425.0, 8981775377
2018.09.27.13.14.42, STOP_FILE_DOWNLOAD, bfec18c8f2d31b446e662d1cc5c8bb69, MapDisarm_Log_8981775377_20180927184429.txt, 1305425, 1305425.0, 8981775377
2018.09.27.13.45.24, START_FILE_DOWNLOAD, ad17f2705742b274df27495a5de93f4, MapDisarm_Log_8981775377_20180927191206.txt, 0, 1310107.0, mule-9100000001
2018.09.27.13.46.04, STOP_FILE_DOWNLOAD, 4a4149723fd3f27d2c2bb37f65bf6d4e, MapDisarm_Log_8906912588_20180927190610.txt, 17175, 17175.0, mule-9100000001
2018.09.28.04.22.56, START_FILE_DOWNLOAD, d195d4f7efda6530b697e4f82c8b50c5, 9f19f0fe9512c87403c14f2e8e7007f7_8765000000_volunteer_50_1.diff, 0, 155.0, 192.168.43.246
2018.09.28.04.22.56, STOP_FILE_DOWNLOAD, f582922023570c450de875b96b568f4, 2bd51ce6f208e48249162ee88a221710_7000000001_volunteer_50_89adc390c4de1680.jpeg, 225408, 123080.0, 192.168.43.246
2018.09.28.04.22.56, START_FILE_DOWNLOAD, 507497c2f345f8bbdb8a18fd68d0c8bd, 9f19f0fe9512c87403c14f2e8e7007f7_8765000000_volunteer_50_2.diff, 0, 233.0, null
2018.09.28.04.22.56, START_FILE_DOWNLOAD, 507497c2f345f8bbdb8a18fd68d0c8bd, 9f19f0fe9512c87403c14f2e8e7007f7_8765000000_volunteer_50_2.diff, 0, 233.0, null
2018.09.28.04.22.56, START_FILE_DOWNLOAD, 507497c2f345f8bbdb8a18fd68d0c8bd, 9f19f0fe9512c87403c14f2e8e7007f7_8765000000_volunteer_50_2.diff, 0, 233.0, null
2018.09.28.04.22.56, START_FILE_DOWNLOAD, 507497c2f345f8bbdb8a18fd68d0c8bd, 9f19f0fe9512c87403c14f2e8e7007f7_8765000000_volunteer_50_2.diff, 0, 233.0, null
2018.09.28.04.22.56, START_FILE_DOWNLOAD, 507497c2f345f8bbdb8a18fd68d0c8bd, 9f19f0fe9512c87403c14f2e8e7007f7_8765000000_volunteer_50_2.diff, 0, 233.0, null
2018.09.28.04.22.56, START_FILE_DOWNLOAD, 507497c2f345f8bbdb8a18fd68d0c8bd, 9f19f0fe9512c87403c14f2e8e7007f7_8765000000_volunteer_50_2.diff, 0, 233.0, null
2018.09.28.04.22.56, START_FILE_DOWNLOAD, 507497c2f345f8bbdb8a18fd68d0c8bd, 9f19f0fe9512c87403c14f2e8e7007f7_8765000000_volunteer_50_2.diff, 0, 233.0, null
2018.09.28.04.23.13, STOP_FILE_DOWNLOAD, 124be8122c98b351b8e116d0fcbf984a, e573a047a3e402bbbef4d02a12aa7105_v9477633135_volunteer_50_a67bf59b9a1aa11f.mp4, 13252544, 1595040.0, null
2018.09.28.04.23.13, STOP_FILE_DOWNLOAD, 124be8122c98b351b8e116d0fcbf984a, e573a047a3e402bbbef4d02a12aa7105_v9477633135_volunteer_50_a67bf59b9a1aa11f.mp4, 13252544, 1595040.0, null
2018.09.28.04.23.13, STOP_FILE_DOWNLOAD, 124be8122c98b351b8e116d0fcbf984a, e573a047a3e402bbbef4d02a12aa7105_v9477633135_volunteer_50_a67bf59b9a1aa11f.mp4, 13252544, 1595040.0, null
2018.09.28.04.23.13, STOP_FILE_DOWNLOAD, 124be8122c98b351b8e116d0fcbf984a, e573a047a3e402bbbef4d02a12aa7105_v9477633135_volunteer_50_a67bf59b9a1aa11f.mp4, 13252544, 1595040.0, null
2018.09.28.04.23.13, STOP_FILE_DOWNLOAD, 124be8122c98b351b8e116d0fcbf984a, e573a047a3e402bbbef4d02a12aa7105_v9477633135_volunteer_50_a67bf59b9a1aa11f.mp4, 13252544, 1595040.0, null
2018.09.28.04.23.13, STOP_FILE_DOWNLOAD, 124be8122c98b351b8e116d0fcbf984a, e573a047a3e402bbbef4d02a12aa7105_v9477633135_volunteer_50_a67bf59b9a1aa11f.mp4, 13252544, 1595040.0, null
2018.09.28.04.23.13, STOP_FILE_DOWNLOAD, 124be8122c98b351b8e116d0fcbf984a, e573a047a3e402bbbef4d02a12aa7105_v9477633135_volunteer_50_a67bf59b9a1aa11f.mp4, 13252544, 1595040.0, null
2018.09.28.04.38.21, START_FILE_DOWNLOAD, 7ccdf5d1746e83fa893401e452a98f9, MapDisarm_Log_9477633135_20180921164009.txt, 0, 74204.0, 9100000002
2018.09.28.04.38.31, STOP_FILE_DOWNLOAD, 8074ac4021872ecf414b5d2fb4aa5ca, MapDisarm_Log_9126617939_20180825215631.txt, 50, 50.0, 9100000002
2018.09.28.04.55.52, START_FILE_DOWNLOAD, c6969c47d5fd8d68ecaa70bb92efe10, MapDisarm_Log_9100000001_20180928102534.txt, 0, 1674127.0, mule-9100000001
2018.09.28.05.18.19, STOP_FILE_DOWNLOAD, e67d4617a5a61237d7eff952653df3, MapDisarm_Log_9100000001_20180928104800.txt, 1677466, 1677466.0, mule-9100000001
