2018.09.27.06.22.46, START_FILE_DOWNLOAD, f7e29f3978bb4329032733eae6cda9, 1a5b38d26c6829a459875f1dab80abfd_v9674209814_volunteer_50_cac90e1ccd95000d.jpeg, 0, 182886.0, 192.168.43.208
2018.09.27.06.22.47, STOP_FILE_DOWNLOAD, f7e29f3978bb4329032733eae6cda9, 1a5b38d26c6829a459875f1dab80abfd_v9674209814_volunteer_50_cac90e1ccd95000d.jpeg, 182886, 182886.0, 192.168.43.208
2018.09.27.06.22.46, START_FILE_DOWNLOAD, f7e29f3978bb4329032733eae6cda9, 1a5b38d26c6829a459875f1dab80abfd_v9674209814_volunteer_50_cac90e1ccd95000d.jpeg, 0, 182886.0, 192.168.43.208
2018.09.27.06.22.47, STOP_FILE_DOWNLOAD, f7e29f3978bb4329032733eae6cda9, 1a5b38d26c6829a459875f1dab80abfd_v9674209814_volunteer_50_cac90e1ccd95000d.jpeg, 182886, 182886.0, 192.168.43.208
2018.09.27.06.22.46, START_FILE_DOWNLOAD, f7e29f3978bb4329032733eae6cda9, 1a5b38d26c6829a459875f1dab80abfd_v9674209814_volunteer_50_cac90e1ccd95000d.jpeg, 0, 182886.0, 192.168.43.208
2018.09.27.06.22.47, STOP_FILE_DOWNLOAD, f7e29f3978bb4329032733eae6cda9, 1a5b38d26c6829a459875f1dab80abfd_v9674209814_volunteer_50_cac90e1ccd95000d.jpeg, 182886, 182886.0, 192.168.43.208
2018.09.27.06.22.46, START_FILE_DOWNLOAD, f7e29f3978bb4329032733eae6cda9, 1a5b38d26c6829a459875f1dab80abfd_v9674209814_volunteer_50_cac90e1ccd95000d.jpeg, 0, 182886.0, 192.168.43.208
2018.09.27.06.22.47, STOP_FILE_DOWNLOAD, f7e29f3978bb4329032733eae6cda9, 1a5b38d26c6829a459875f1dab80abfd_v9674209814_volunteer_50_cac90e1ccd95000d.jpeg, 182886, 182886.0, 192.168.43.208
2018.09.28.04.22.56, START_FILE_DOWNLOAD, 507497c2f345f8bbdb8a18fd68d0c8bd, 9f19f0fe9512c87403c14f2e8e7007f7_8765000000_volunteer_50_2.diff, 0, 233.0, null
2018.09.28.04.23.13, STOP_FILE_DOWNLOAD, 124be8122c98b351b8e116d0fcbf984a, e573a047a3e402bbbef4d02a12aa7105_v9477633135_volunteer_50_a67bf59b9a1aa11f.mp4, 13252544, 1595040.0, null
2018.09.28.04.22.56, START_FILE_DOWNLOAD, 507497c2f345f8bbdb8a18fd68d0c8bd, 9f19f0fe9512c87403c14f2e8e7007f7_8765000000_volunteer_50_2.diff, 0, 233.0, null
2018.09.28.04.23.13, STOP_FILE_DOWNLOAD, 124be8122c98b351b8e116d0fcbf984a, e573a047a3e402bbbef4d02a12aa7105_v9477633135_volunteer_50_a67bf59b9a1aa11f.mp4, 13252544, 1595040.0, null
2018.09.28.04.22.56, START_FILE_DOWNLOAD, 507497c2f345f8bbdb8a18fd68d0c8bd, 9f19f0fe9512c87403c14f2e8e7007f7_8765000000_volunteer_50_2.diff, 0, 233.0, null
2018.09.28.04.23.13, STOP_FILE_DOWNLOAD, 124be8122c98b351b8e116d0fcbf984a, e573a047a3e402bbbef4d02a12aa7105_v9477633135_volunteer_50_a67bf59b9a1aa11f.mp4, 13252544, 1595040.0, null
2018.09.28.04.22.56, START_FILE_DOWNLOAD, 507497c2f345f8bbdb8a18fd68d0c8bd, 9f19f0fe9512c87403c14f2e8e7007f7_8765000000_volunteer_50_2.diff, 0, 233.0, null
2018.09.28.04.23.13, STOP_FILE_DOWNLOAD, 124be8122c98b351b8e116d0fcbf984a, e573a047a3e402bbbef4d02a12aa7105_v9477633135_volunteer_50_a67bf59b9a1aa11f.mp4, 13252544, 1595040.0, null
2018.09.28.04.22.56, START_FILE_DOWNLOAD, 507497c2f345f8bbdb8a18fd68d0c8bd, 9f19f0fe9512c87403c14f2e8e7007f7_8765000000_volunteer_50_2.diff, 0, 233.0, null
2018.09.28.04.23.13, STOP_FILE_DOWNLOAD, 124be8122c98b351b8e116d0fcbf984a, e573a047a3e402bbbef4d02a12aa7105_v9477633135_volunteer_50_a67bf59b9a1aa11f.mp4, 13252544, 1595040.0, null
2018.09.28.04.22.56, START_FILE_DOWNLOAD, 507497c2f345f8bbdb8a18fd68d0c8bd, 9f19f0fe9512c87403c14f2e8e7007f7_8765000000_volunteer_50_2.diff, 0, 233.0, null
2018.09.28.04.23.13, STOP_FILE_DOWNLOAD, 124be8122c98b351b8e116d0fcbf984a, e573a047a3e402bbbef4d02a12aa7105_v9477633135_volunteer_50_a67bf59b9a1aa11f.mp4, 13252544, 1595040.0, null
2018.09.28.04.22.56, START_FILE_DOWNLOAD, 507497c2f345f8bbdb8a18fd68d0c8bd, 9f19f0fe9512c87403c14f2e8e7007f7_8765000000_volunteer_50_2.diff, 0, 233.0, null
2018.09.28.04.23.13, STOP_FILE_DOWNLOAD, 124be8122c98b351b8e116d0fcbf984a, e573a047a3e402bbbef4d02a12aa7105_v9477633135_volunteer_50_a67bf59b9a1aa11f.mp4, 13252544, 1595040.0, null
