2018.09.24.21.58.18, START_FILE_DOWNLOAD, 71dcf2cb26564c01d6252a0fe2ab69, pub_7318831572.bgp, 0, 313.0, 7318831572
2018.09.24.21.58.18, STOP_FILE_DOWNLOAD, d3cf63dbc4593a824a3adcfc1ed14690, 4673b1dd3f0a126bbe42416549847c89_v7318831572_volunteer_50_22c62c8b86427216.jpeg, 201168, 201168.0, 192.168.43.235
2018.09.24.22.37.21, START_FILE_DOWNLOAD, b49779a77ce55bd5f1bee0071e52882, 4673b1dd3f0a126bbe42416549847c89_v7318831572_volunteer_50_14.diff, 0, 1721.0, 192.168.43.235
2018.09.24.22.37.41, STOP_FILE_DOWNLOAD, 4fc14571f798bc9f8051afafe418ca60, MapDisarm_Log_8981775377_20180926162527.txt, 1142412, 1142412.0, 7318831572
2018.09.25.00.03.24, START_FILE_DOWNLOAD, 1b218c5b5457d90ee5371442259e453, 4673b1dd3f0a126bbe42416549847c89_v7318831572_volunteer_50_23.diff, 0, 2718.0, 192.168.43.235
2018.09.25.00.03.25, STOP_FILE_DOWNLOAD, f16a877d2bbd57323ab38feb8977, 4673b1dd3f0a126bbe42416549847c89_v7318831572_volunteer_50_af42ee5726fd84e9.jpeg, 207834, 207834.0, 192.168.43.235
2018.09.26.13.45.28, START_FILE_DOWNLOAD, e0f41967dd7c1d8514aad86cbef0ba40, MapDisarm_Log_9100000002_20180926190435.txt, 0, 11259.0, 7318831572
2018.09.26.13.45.28, STOP_FILE_DOWNLOAD, 96b54293af7e7b777ea06ab52c7be6, MapDisarm_Log_9100000001_20180926191457.txt, 2640, 2640.0, 7318831572
2018.09.27.10.02.19, START_FILE_DOWNLOAD, b479baa3264feb555eb343cdec129b7, 4673b1dd3f0a126bbe42416549847c89_v7318831572_volunteer_50_30.diff, 0, 3693.0, 192.168.43.235
2018.09.27.10.02.19, STOP_FILE_DOWNLOAD, 45926860eb46c11722734672bbaa55, 4673b1dd3f0a126bbe42416549847c89_v7318831572_volunteer_50_c89c908dd445b17a.jpeg, 197349, 197349.0, 192.168.43.235
2018.09.27.12.38.02, START_FILE_DOWNLOAD, 23b5d8a1583f1b9d8e91c4c939dd6d8, b578789dc5e7c3602db886845e7aaae_v8123456789_volunteer_50_1.diff, 0, 168.0, 192.168.43.235
2018.09.27.12.38.02, STOP_FILE_DOWNLOAD, a88dc7e72d3ddd8f2c5296d281bfd7f, b578789dc5e7c3602db886845e7aaae_v8123456789_volunteer_50_4ff659f60297e60a.png, 91970, 91970.0, 192.168.43.235
2018.09.27.12.38.02, START_FILE_DOWNLOAD, 23b5d8a1583f1b9d8e91c4c939dd6d8, b578789dc5e7c3602db886845e7aaae_v8123456789_volunteer_50_1.diff, 0, 168.0, 192.168.43.235
2018.09.27.12.38.02, STOP_FILE_DOWNLOAD, a88dc7e72d3ddd8f2c5296d281bfd7f, b578789dc5e7c3602db886845e7aaae_v8123456789_volunteer_50_4ff659f60297e60a.png, 91970, 91970.0, 192.168.43.235
2018.09.27.12.38.02, START_FILE_DOWNLOAD, 23b5d8a1583f1b9d8e91c4c939dd6d8, b578789dc5e7c3602db886845e7aaae_v8123456789_volunteer_50_1.diff, 0, 168.0, 192.168.43.235
2018.09.27.12.38.02, STOP_FILE_DOWNLOAD, a88dc7e72d3ddd8f2c5296d281bfd7f, b578789dc5e7c3602db886845e7aaae_v8123456789_volunteer_50_4ff659f60297e60a.png, 91970, 91970.0, 192.168.43.235
