2018.09.16.14.36.48, PEER_DISCOVERED, 9674209816, 192.168.43.197
2018.09.16.14.36.52, SUMMARY_VECTOR_RECEIVED, 19068
2018.09.16.14.36.57, CHECKING OLD LOG FILES IF ANY
2018.09.16.14.36.57, DEBUG Controller MISSING FILE START DOWNLOAD pri_manager.bgp -1.0
2018.09.16.14.36.57, DEBUG Controller MISSING FILE START DOWNLOAD pub_manager.bgp -1.0
2018.09.16.14.36.57, DEBUG Controller MISSING FILE START DOWNLOAD pub_volunteer.bgp -1.0
2018.09.16.14.36.57, DEBUG Controller MISSING FILE START DOWNLOAD pri_user.bgp -1.0
2018.09.16.14.36.57, DEBUG Controller MISSING FILE START DOWNLOAD pub_9674209816.bgp -1.0
2018.09.16.14.36.57, START_FILE_DOWNLOAD, 30afd89a96cbba217ddc4fbc7e70d817, pub_manager.bgp, 0, 310.0, 9674209816
2018.09.16.14.36.57, START_FILE_DOWNLOAD, a0d12ea50d2b8c3738c919e58324, pub_volunteer.bgp, 0, 312.0, 9674209816
2018.09.16.14.36.57, START_FILE_DOWNLOAD, 96966f90c022b52d8d87c187cba6d52e, pri_user.bgp, 0, 683.0, 9674209816
2018.09.16.14.36.57, START_FILE_DOWNLOAD, 5e9b91a4ebf791555e3189ae2e13aaf8, pri_manager.bgp, 0, 680.0, 9674209816
2018.09.16.14.36.57, STOP_FILE_DOWNLOAD, 30afd89a96cbba217ddc4fbc7e70d817, pub_manager.bgp, 310, 310.0, 9674209816
2018.09.16.14.36.57, START_FILE_DOWNLOAD, e5124024cf4baf1c074c2119c2bfb86, pub_9674209816.bgp, 0, 313.0, 9674209816
2018.09.16.14.36.57, STOP_FILE_DOWNLOAD, 96966f90c022b52d8d87c187cba6d52e, pri_user.bgp, 683, 683.0, 9674209816
2018.09.16.14.36.57, STOP_FILE_DOWNLOAD, e5124024cf4baf1c074c2119c2bfb86, pub_9674209816.bgp, 313, 313.0, 9674209816
2018.09.16.14.36.57, STOP_FILE_DOWNLOAD, 5e9b91a4ebf791555e3189ae2e13aaf8, pri_manager.bgp, 680, 680.0, 9674209816
2018.09.16.14.36.57, STOP_FILE_DOWNLOAD, a0d12ea50d2b8c3738c919e58324, pub_volunteer.bgp, 312, 312.0, 9674209816
2018.09.16.14.37.02, SUMMARY_VECTOR_RECEIVED, 19066
2018.09.16.14.37.07, CHECKING OLD LOG FILES IF ANY
2018.09.16.14.37.07, DEBUG Controller MISSING FILE START DOWNLOAD pub_user.bgp -1.0
2018.09.16.14.37.07, DEBUG Controller MISSING FILE START DOWNLOAD pri_volunteer.bgp -1.0
2018.09.16.14.37.07, DEBUG Controller MISSING FILE START DOWNLOAD e4a6f10ed26f6165215149d39836849b_v9674209816_volunteer_50.bgp -1.0
2018.09.16.14.37.07, START_FILE_DOWNLOAD, 1b63ccc1bed6ca19aa27b778556b4f3, e4a6f10ed26f6165215149d39836849b_v9674209816_volunteer_50.bgp, 0, 679.0, 9674209816
2018.09.16.14.37.07, STOP_FILE_DOWNLOAD, 1b63ccc1bed6ca19aa27b778556b4f3, e4a6f10ed26f6165215149d39836849b_v9674209816_volunteer_50.bgp, 679, 679.0, 9674209816
2018.09.16.14.37.07, START_FILE_DOWNLOAD, 035489be7e075265b1032bd58754f, pub_user.bgp, 0, 313.0, 9674209816
2018.09.16.14.37.07, STOP_FILE_DOWNLOAD, 035489be7e075265b1032bd58754f, pub_user.bgp, 313, 313.0, 9674209816
2018.09.16.14.37.07, START_FILE_DOWNLOAD, 137fc3f09728b73f1e32574f11578, pri_volunteer.bgp, 0, 682.0, 9674209816
2018.09.16.14.37.07, START_FILE_DOWNLOAD, 69de8beefdd49130683dae18365740, e4a6f10ed26f6165215149d39836849b_v9674209816_volunteer_50_9e45df35bf42dd31.jpeg, 0, 217163.0, 192.168.43.197
2018.09.16.14.37.07, START_FILE_DOWNLOAD, c02996204281f22fc3f18579049e96b, e4a6f10ed26f6165215149d39836849b_v9674209816_volunteer_50_24.diff, 0, 2688.0, 192.168.43.197
2018.09.16.14.37.07, STOP_FILE_DOWNLOAD, 137fc3f09728b73f1e32574f11578, pri_volunteer.bgp, 682, 682.0, 9674209816
2018.09.16.14.37.07, STOP_FILE_DOWNLOAD, c02996204281f22fc3f18579049e96b, e4a6f10ed26f6165215149d39836849b_v9674209816_volunteer_50_24.diff, 2688, 2688.0, 192.168.43.197
2018.09.16.14.37.07, START_FILE_DOWNLOAD, 639160f3e66319d71d672e427f9509f, e4a6f10ed26f6165215149d39836849b_v9674209816_volunteer_50_6.diff, 0, 602.0, 192.168.43.197
2018.09.16.14.37.07, STOP_FILE_DOWNLOAD, 639160f3e66319d71d672e427f9509f, e4a6f10ed26f6165215149d39836849b_v9674209816_volunteer_50_6.diff, 602, 602.0, 192.168.43.197
2018.09.16.14.37.07, START_FILE_DOWNLOAD, f3f4a8bbd5ed32cbfc4bc44ea9102e47, e4a6f10ed26f6165215149d39836849b_v9674209816_volunteer_50_16.diff, 0, 1764.0, 192.168.43.197
2018.09.16.14.37.07, START_FILE_DOWNLOAD, 9eaedbf006b1bc08123eaf23a273fc7, e4a6f10ed26f6165215149d39836849b_v9674209816_volunteer_50_10.diff, 0, 1030.0, 192.168.43.197
2018.09.16.14.37.07, START_FILE_DOWNLOAD, 31b147d1ddf155752f6a4ac338c9a671, e4a6f10ed26f6165215149d39836849b_v9674209816_volunteer_50_19.diff, 0, 2106.0, 192.168.43.197
2018.09.16.14.37.07, STOP_FILE_DOWNLOAD, 9eaedbf006b1bc08123eaf23a273fc7, e4a6f10ed26f6165215149d39836849b_v9674209816_volunteer_50_10.diff, 1030, 1030.0, 192.168.43.197
2018.09.16.14.37.07, STOP_FILE_DOWNLOAD, f3f4a8bbd5ed32cbfc4bc44ea9102e47, e4a6f10ed26f6165215149d39836849b_v9674209816_volunteer_50_16.diff, 1764, 1764.0, 192.168.43.197
2018.09.16.14.37.07, START_FILE_DOWNLOAD, 6e8ac48ae77653b40b6bb5c3c115e, e4a6f10ed26f6165215149d39836849b_v9674209816_volunteer_50_ca0936a45e351721.png, 0, 69827.0, 192.168.43.197
2018.09.16.14.37.07, STOP_FILE_DOWNLOAD, 31b147d1ddf155752f6a4ac338c9a671, e4a6f10ed26f6165215149d39836849b_v9674209816_volunteer_50_19.diff, 2106, 2106.0, 192.168.43.197
2018.09.16.14.37.07, START_FILE_DOWNLOAD, 1293ffd6641cc495c6a9a1c74211b6, e4a6f10ed26f6165215149d39836849b_v9674209816_volunteer_50_22.diff, 0, 2406.0, 192.168.43.197
2018.09.16.14.37.07, STOP_FILE_DOWNLOAD, 1293ffd6641cc495c6a9a1c74211b6, e4a6f10ed26f6165215149d39836849b_v9674209816_volunteer_50_22.diff, 2406, 2406.0, 192.168.43.197
2018.09.16.14.37.07, START_FILE_DOWNLOAD, aa2c7ccfd0d9a451de2d2a4936926, e4a6f10ed26f6165215149d39836849b_v9674209816_volunteer_50_1.diff, 0, 169.0, 192.168.43.197
2018.09.16.14.37.07, START_FILE_DOWNLOAD, aa11eaadcc08d39ecc291378d402f4a, e4a6f10ed26f6165215149d39836849b_v9674209816_volunteer_50_9b5effbdf0abfcb5.png, 0, 101655.0, 192.168.43.197
2018.09.16.14.37.07, START_FILE_DOWNLOAD, 8c9580c3a9388087e9cc9358b8ecd9b, e4a6f10ed26f6165215149d39836849b_v9674209816_volunteer_50_15ca571e1f7cb1bf.png, 0, 96282.0, 192.168.43.197
2018.09.16.14.37.07, START_FILE_DOWNLOAD, 5a895b36c93bf0a052309d28bfbb9b4a, e4a6f10ed26f6165215149d39836849b_v9674209816_volunteer_50_17.diff, 0, 1844.0, 192.168.43.197
2018.09.16.14.37.07, START_FILE_DOWNLOAD, 2ddd8db58d37f89d6022b6ea784d1f4c, e4a6f10ed26f6165215149d39836849b_v9674209816_volunteer_50_4f83ca7eed959e3.jpeg, 0, 186735.0, 192.168.43.197
2018.09.16.14.37.07, STOP_FILE_DOWNLOAD, 6e8ac48ae77653b40b6bb5c3c115e, e4a6f10ed26f6165215149d39836849b_v9674209816_volunteer_50_ca0936a45e351721.png, 69827, 69827.0, 192.168.43.197
2018.09.16.14.37.07, STOP_FILE_DOWNLOAD, aa2c7ccfd0d9a451de2d2a4936926, e4a6f10ed26f6165215149d39836849b_v9674209816_volunteer_50_1.diff, 169, 169.0, 192.168.43.197
2018.09.16.14.37.07, STOP_FILE_DOWNLOAD, 5a895b36c93bf0a052309d28bfbb9b4a, e4a6f10ed26f6165215149d39836849b_v9674209816_volunteer_50_17.diff, 1844, 1844.0, 192.168.43.197
2018.09.16.14.37.07, START_FILE_DOWNLOAD, 7ca0ef9e3d7d1dca3e668d3cca8d34b0, e4a6f10ed26f6165215149d39836849b_v9674209816_volunteer_50_4.diff, 0, 447.0, 192.168.43.197
2018.09.16.14.37.07, START_FILE_DOWNLOAD, e5cc46a743dcadc803c65c99532fe49, e4a6f10ed26f6165215149d39836849b_v9674209816_volunteer_50_11.diff, 0, 1218.0, 192.168.43.197
2018.09.16.14.37.07, START_FILE_DOWNLOAD, 3de59237a8563be812188bfcf3c33dbe, e4a6f10ed26f6165215149d39836849b_v9674209816_volunteer_50_21.diff, 0, 2344.0, 192.168.43.197
2018.09.16.14.37.07, START_FILE_DOWNLOAD, b21e96b28811fc2f1a1de3e219b81ba3, e4a6f10ed26f6165215149d39836849b_v9674209816_volunteer_50_20.diff, 0, 2171.0, 192.168.43.197
2018.09.16.14.37.07, START_FILE_DOWNLOAD, 50a5e17c2721ced8b9fecf2b779b237, e4a6f10ed26f6165215149d39836849b_v9674209816_volunteer_50_8f50bd76872d6ac2.png, 0, 117029.0, 192.168.43.197
2018.09.16.14.37.07, START_FILE_DOWNLOAD, 2a1d9e4482a6f9b6b5f8943081da30ab, e4a6f10ed26f6165215149d39836849b_v9674209816_volunteer_50_59179d36ec92f440.jpeg, 0, 245260.0, 192.168.43.197
2018.09.16.14.37.07, STOP_FILE_DOWNLOAD, 3de59237a8563be812188bfcf3c33dbe, e4a6f10ed26f6165215149d39836849b_v9674209816_volunteer_50_21.diff, 2344, 2344.0, 192.168.43.197
2018.09.16.14.37.07, START_FILE_DOWNLOAD, de259c67ebd5e59aeb13e368377bf7, e4a6f10ed26f6165215149d39836849b_v9674209816_volunteer_50_ab8327adb199d071.jpeg, 0, 284301.0, 192.168.43.197
2018.09.16.14.37.07, STOP_FILE_DOWNLOAD, 7ca0ef9e3d7d1dca3e668d3cca8d34b0, e4a6f10ed26f6165215149d39836849b_v9674209816_volunteer_50_4.diff, 447, 447.0, 192.168.43.197
2018.09.16.14.37.07, STOP_FILE_DOWNLOAD, b21e96b28811fc2f1a1de3e219b81ba3, e4a6f10ed26f6165215149d39836849b_v9674209816_volunteer_50_20.diff, 2171, 2171.0, 192.168.43.197
2018.09.16.14.37.07, START_FILE_DOWNLOAD, c77af6c90fbfe52d7dc7066430f1ca, e4a6f10ed26f6165215149d39836849b_v9674209816_volunteer_50_4f479b82b57afbf9.png, 0, 129471.0, 192.168.43.197
2018.09.16.14.37.07, START_FILE_DOWNLOAD, 5766b559ad94b7ab5a229cb21cf171bc, e4a6f10ed26f6165215149d39836849b_v9674209816_volunteer_50_2.diff, 0, 258.0, 192.168.43.197
2018.09.16.14.37.07, START_FILE_DOWNLOAD, 9a37e538420738b8783837676295293, e4a6f10ed26f6165215149d39836849b_v9674209816_volunteer_50_14.diff, 0, 1509.0, 192.168.43.197
2018.09.16.14.37.07, STOP_FILE_DOWNLOAD, 8c9580c3a9388087e9cc9358b8ecd9b, e4a6f10ed26f6165215149d39836849b_v9674209816_volunteer_50_15ca571e1f7cb1bf.png, 96282, 96282.0, 192.168.43.197
2018.09.16.14.37.07, STOP_FILE_DOWNLOAD, 5766b559ad94b7ab5a229cb21cf171bc, e4a6f10ed26f6165215149d39836849b_v9674209816_volunteer_50_2.diff, 258, 258.0, 192.168.43.197
2018.09.16.14.37.07, STOP_FILE_DOWNLOAD, e5cc46a743dcadc803c65c99532fe49, e4a6f10ed26f6165215149d39836849b_v9674209816_volunteer_50_11.diff, 1218, 1218.0, 192.168.43.197
2018.09.16.14.37.07, STOP_FILE_DOWNLOAD, aa11eaadcc08d39ecc291378d402f4a, e4a6f10ed26f6165215149d39836849b_v9674209816_volunteer_50_9b5effbdf0abfcb5.png, 101655, 101655.0, 192.168.43.197
2018.09.16.14.37.07, STOP_FILE_DOWNLOAD, 69de8beefdd49130683dae18365740, e4a6f10ed26f6165215149d39836849b_v9674209816_volunteer_50_9e45df35bf42dd31.jpeg, 217163, 217163.0, 192.168.43.197
2018.09.16.14.37.07, STOP_FILE_DOWNLOAD, 9a37e538420738b8783837676295293, e4a6f10ed26f6165215149d39836849b_v9674209816_volunteer_50_14.diff, 1509, 1509.0, 192.168.43.197
2018.09.16.14.37.07, START_FILE_DOWNLOAD, a5d543e3551eb42d7f5d259e63cdd8b1, e4a6f10ed26f6165215149d39836849b_v9674209816_volunteer_50_12.diff, 0, 1273.0, 192.168.43.197
2018.09.16.14.37.07, START_FILE_DOWNLOAD, ecddec3cbd2efbdb98ea7f7cb5252c0, e4a6f10ed26f6165215149d39836849b_v9674209816_volunteer_50_6ae11d3ee975a5f8.png, 0, 97534.0, 192.168.43.197
2018.09.16.14.37.07, START_FILE_DOWNLOAD, 1213185887f6d578881c5e1f95d767, e4a6f10ed26f6165215149d39836849b_v9674209816_volunteer_50_a04c283dae184c07.png, 0, 80765.0, 192.168.43.197
2018.09.16.14.37.07, START_FILE_DOWNLOAD, 5371edeaa7adaabefdeaec29c3a1367, e4a6f10ed26f6165215149d39836849b_v9674209816_volunteer_50_5.diff, 0, 506.0, 192.168.43.197
2018.09.16.14.37.07, START_FILE_DOWNLOAD, c8d3af9d8d5965284ebc723c59b59dc, e4a6f10ed26f6165215149d39836849b_v9674209816_volunteer_50_13.diff, 0, 1354.0, 192.168.43.197
2018.09.16.14.37.07, START_FILE_DOWNLOAD, c2deff1e9116a81d865efff312194ff, e4a6f10ed26f6165215149d39836849b_v9674209816_volunteer_50_15.diff, 0, 1567.0, 192.168.43.197
2018.09.16.14.37.07, START_FILE_DOWNLOAD, 37ac68a5e637ff4158614d2ca5ca88e2, e4a6f10ed26f6165215149d39836849b_v9674209816_volunteer_50_18.diff, 0, 1908.0, 192.168.43.197
2018.09.16.14.37.07, START_FILE_DOWNLOAD, d45676baf77d5c7239414ca12bef071, e4a6f10ed26f6165215149d39836849b_v9674209816_volunteer_50_ea0e0946c3f75efa.png, 0, 123212.0, 192.168.43.197
2018.09.16.14.37.07, START_FILE_DOWNLOAD, de5f9948dc51363cd742d27f741f1e0, e4a6f10ed26f6165215149d39836849b_v9674209816_volunteer_50_23.diff, 0, 2619.0, 192.168.43.197
2018.09.16.14.37.07, START_FILE_DOWNLOAD, 27d9a0149aa1c1329ccdbc285599ea9, e4a6f10ed26f6165215149d39836849b_v9674209816_volunteer_50_9.diff, 0, 963.0, 192.168.43.197
2018.09.16.14.37.07, START_FILE_DOWNLOAD, 8a619cadf9d8c81d19a4562c4f93efc, e4a6f10ed26f6165215149d39836849b_v9674209816_volunteer_50_8.diff, 0, 751.0, 192.168.43.197
2018.09.16.14.37.07, STOP_FILE_DOWNLOAD, c2deff1e9116a81d865efff312194ff, e4a6f10ed26f6165215149d39836849b_v9674209816_volunteer_50_15.diff, 1567, 1567.0, 192.168.43.197
2018.09.16.14.37.07, STOP_FILE_DOWNLOAD, 37ac68a5e637ff4158614d2ca5ca88e2, e4a6f10ed26f6165215149d39836849b_v9674209816_volunteer_50_18.diff, 1908, 1908.0, 192.168.43.197
2018.09.16.14.37.07, STOP_FILE_DOWNLOAD, de5f9948dc51363cd742d27f741f1e0, e4a6f10ed26f6165215149d39836849b_v9674209816_volunteer_50_23.diff, 2619, 2619.0, 192.168.43.197
2018.09.16.14.37.07, STOP_FILE_DOWNLOAD, 50a5e17c2721ced8b9fecf2b779b237, e4a6f10ed26f6165215149d39836849b_v9674209816_volunteer_50_8f50bd76872d6ac2.png, 117029, 117029.0, 192.168.43.197
2018.09.16.14.37.07, STOP_FILE_DOWNLOAD, 5371edeaa7adaabefdeaec29c3a1367, e4a6f10ed26f6165215149d39836849b_v9674209816_volunteer_50_5.diff, 506, 506.0, 192.168.43.197
2018.09.16.14.37.07, START_FILE_DOWNLOAD, b391c830c0dcd2d9fb521ae0c296f648, e4a6f10ed26f6165215149d39836849b_v9674209816_volunteer_50_d8a95246c3e81a72.mp4, 0, 150875.0, 192.168.43.197
2018.09.16.14.37.07, STOP_FILE_DOWNLOAD, c8d3af9d8d5965284ebc723c59b59dc, e4a6f10ed26f6165215149d39836849b_v9674209816_volunteer_50_13.diff, 1354, 1354.0, 192.168.43.197
2018.09.16.14.37.07, STOP_FILE_DOWNLOAD, 8a619cadf9d8c81d19a4562c4f93efc, e4a6f10ed26f6165215149d39836849b_v9674209816_volunteer_50_8.diff, 751, 751.0, 192.168.43.197
2018.09.16.14.37.07, STOP_FILE_DOWNLOAD, c77af6c90fbfe52d7dc7066430f1ca, e4a6f10ed26f6165215149d39836849b_v9674209816_volunteer_50_4f479b82b57afbf9.png, 129471, 129471.0, 192.168.43.197
2018.09.16.14.37.07, STOP_FILE_DOWNLOAD, 2ddd8db58d37f89d6022b6ea784d1f4c, e4a6f10ed26f6165215149d39836849b_v9674209816_volunteer_50_4f83ca7eed959e3.jpeg, 186735, 186735.0, 192.168.43.197
2018.09.16.14.37.07, STOP_FILE_DOWNLOAD, 1213185887f6d578881c5e1f95d767, e4a6f10ed26f6165215149d39836849b_v9674209816_volunteer_50_a04c283dae184c07.png, 80765, 80765.0, 192.168.43.197
2018.09.16.14.37.07, STOP_FILE_DOWNLOAD, a5d543e3551eb42d7f5d259e63cdd8b1, e4a6f10ed26f6165215149d39836849b_v9674209816_volunteer_50_12.diff, 1273, 1273.0, 192.168.43.197
2018.09.16.14.37.07, START_FILE_DOWNLOAD, 8b515bbb463e23be4176754fd780e3cf, e4a6f10ed26f6165215149d39836849b_v9674209816_volunteer_50_3.diff, 0, 365.0, 192.168.43.197
2018.09.16.14.37.07, START_FILE_DOWNLOAD, a0346edba3dd383c9a21d523d1e269, e4a6f10ed26f6165215149d39836849b_v9674209816_volunteer_50_7.diff, 0, 668.0, 192.168.43.197
2018.09.16.14.37.07, STOP_FILE_DOWNLOAD, 27d9a0149aa1c1329ccdbc285599ea9, e4a6f10ed26f6165215149d39836849b_v9674209816_volunteer_50_9.diff, 963, 963.0, 192.168.43.197
2018.09.16.14.37.07, STOP_FILE_DOWNLOAD, 2a1d9e4482a6f9b6b5f8943081da30ab, e4a6f10ed26f6165215149d39836849b_v9674209816_volunteer_50_59179d36ec92f440.jpeg, 245260, 245260.0, 192.168.43.197
2018.09.16.14.37.07, STOP_FILE_DOWNLOAD, ecddec3cbd2efbdb98ea7f7cb5252c0, e4a6f10ed26f6165215149d39836849b_v9674209816_volunteer_50_6ae11d3ee975a5f8.png, 97534, 97534.0, 192.168.43.197
2018.09.16.14.37.07, STOP_FILE_DOWNLOAD, a0346edba3dd383c9a21d523d1e269, e4a6f10ed26f6165215149d39836849b_v9674209816_volunteer_50_7.diff, 668, 668.0, 192.168.43.197
2018.09.16.14.37.07, STOP_FILE_DOWNLOAD, 8b515bbb463e23be4176754fd780e3cf, e4a6f10ed26f6165215149d39836849b_v9674209816_volunteer_50_3.diff, 365, 365.0, 192.168.43.197
2018.09.16.14.37.07, STOP_FILE_DOWNLOAD, d45676baf77d5c7239414ca12bef071, e4a6f10ed26f6165215149d39836849b_v9674209816_volunteer_50_ea0e0946c3f75efa.png, 123212, 123212.0, 192.168.43.197
2018.09.16.14.37.07, STOP_FILE_DOWNLOAD, de259c67ebd5e59aeb13e368377bf7, e4a6f10ed26f6165215149d39836849b_v9674209816_volunteer_50_ab8327adb199d071.jpeg, 284301, 284301.0, 192.168.43.197
2018.09.16.14.37.10, STOP_FILE_DOWNLOAD, b391c830c0dcd2d9fb521ae0c296f648, e4a6f10ed26f6165215149d39836849b_v9674209816_volunteer_50_d8a95246c3e81a72.mp4, 8554399, 150875.0, 192.168.43.197
2018.09.16.14.37.22, SUMMARY_VECTOR_RECEIVED, 19952
2018.09.16.14.37.27, CHECKING OLD LOG FILES IF ANY
2018.09.16.14.37.27, DEBUG Controller MISSING FILE START DOWNLOAD e4a6f10ed26f6165215149d39836849b_v9674209816_volunteer_50_25.diff -1.0
2018.09.16.14.37.27, DEBUG Controller MISSING FILE START DOWNLOAD MapDisarm_Log_9674209816_20180916143655.txt 9.999999999999998E13
2018.09.16.14.37.27, START_FILE_DOWNLOAD, b27dc43167855edc5d89fd21adbc95ac, e4a6f10ed26f6165215149d39836849b_v9674209816_volunteer_50_25.diff, 0, 2877.0, 9674209816
2018.09.16.14.37.27, STOP_FILE_DOWNLOAD, b27dc43167855edc5d89fd21adbc95ac, e4a6f10ed26f6165215149d39836849b_v9674209816_volunteer_50_25.diff, 2877, 2877.0, 9674209816
2018.09.16.14.37.27, START_FILE_DOWNLOAD, 23e673f9921c43c0d67590afe45b6d85, e4a6f10ed26f6165215149d39836849b_v9674209816_volunteer_50_7abd60781c744738.png, 0, 98497.0, 192.168.43.197
2018.09.16.14.37.27, START_FILE_DOWNLOAD, 2416a93b78d346cec9edb5633d71772, MapDisarm_Log_9674209816_20180916143655.txt, 0, 1251.0, 9674209816
2018.09.16.14.37.27, STOP_FILE_DOWNLOAD, 2416a93b78d346cec9edb5633d71772, MapDisarm_Log_9674209816_20180916143655.txt, 1251, 1251.0, 9674209816
2018.09.16.14.37.27, STOP_FILE_DOWNLOAD, 23e673f9921c43c0d67590afe45b6d85, e4a6f10ed26f6165215149d39836849b_v9674209816_volunteer_50_7abd60781c744738.png, 151396, 98497.0, 192.168.43.197
2018.09.16.14.37.32, KEEPING LOGMapDisarm_Log_9674209816_20180916143655.txt
2018.09.16.14.37.42, SUMMARY_VECTOR_RECEIVED, 20367
2018.09.16.14.37.47, DEBUG Controller MISSING FILE START DOWNLOAD e4a6f10ed26f6165215149d39836849b_v9674209816_volunteer_50_26.diff -1.0
2018.09.16.14.37.47, START_FILE_DOWNLOAD, 7fd252636acdcf83394eca34f547, e4a6f10ed26f6165215149d39836849b_v9674209816_volunteer_50_26.diff, 0, 2940.0, 9674209816
2018.09.16.14.37.47, STOP_FILE_DOWNLOAD, 7fd252636acdcf83394eca34f547, e4a6f10ed26f6165215149d39836849b_v9674209816_volunteer_50_26.diff, 2940, 2940.0, 9674209816
2018.09.16.14.38.02, SUMMARY_VECTOR_RECEIVED, 20367
2018.09.16.14.38.22, SUMMARY_VECTOR_RECEIVED, 20367
2018.09.16.14.38.42, SUMMARY_VECTOR_RECEIVED, 20367
2018.09.16.14.39.02, SUMMARY_VECTOR_RECEIVED, 20367
2018.09.16.14.39.22, SUMMARY_VECTOR_RECEIVED, 20367
2018.09.16.14.39.42, SUMMARY_VECTOR_RECEIVED, 20367
2018.09.16.14.40.02, SUMMARY_VECTOR_RECEIVED, 20367
2018.09.16.14.40.22, SUMMARY_VECTOR_RECEIVED, 20367
2018.09.16.14.40.42, SUMMARY_VECTOR_RECEIVED, 20367
2018.09.16.14.41.02, SUMMARY_VECTOR_RECEIVED, 20367
2018.09.16.14.41.22, SUMMARY_VECTOR_RECEIVED, 20367
2018.09.16.14.41.42, SUMMARY_VECTOR_RECEIVED, 20367
2018.09.16.14.42.03, SUMMARY_VECTOR_RECEIVED, 20367
2018.09.16.14.42.22, SUMMARY_VECTOR_RECEIVED, 20367
2018.09.16.14.42.42, SUMMARY_VECTOR_RECEIVED, 20367
2018.09.16.14.43.03, SUMMARY_VECTOR_RECEIVED, 20367
2018.09.16.14.43.23, SUMMARY_VECTOR_RECEIVED, 20367
2018.09.16.14.43.42, SUMMARY_VECTOR_RECEIVED, 20367
2018.09.16.14.44.03, SUMMARY_VECTOR_RECEIVED, 20367
2018.09.16.14.44.23, SUMMARY_VECTOR_RECEIVED, 20367
2018.09.16.14.44.43, SUMMARY_VECTOR_RECEIVED, 20367
2018.09.16.14.45.03, SUMMARY_VECTOR_RECEIVED, 20367
2018.09.16.14.45.23, SUMMARY_VECTOR_RECEIVED, 20367
2018.09.16.14.45.43, SUMMARY_VECTOR_RECEIVED, 20367
2018.09.16.14.46.03, SUMMARY_VECTOR_RECEIVED, 20367
2018.09.16.14.46.23, SUMMARY_VECTOR_RECEIVED, 20367
2018.09.16.14.46.43, SUMMARY_VECTOR_RECEIVED, 20367
2018.09.16.14.47.03, SUMMARY_VECTOR_RECEIVED, 20367
2018.09.16.14.47.23, SUMMARY_VECTOR_RECEIVED, 20367
2018.09.16.14.47.43, SUMMARY_VECTOR_RECEIVED, 20367
2018.09.16.14.48.03, SUMMARY_VECTOR_RECEIVED, 20367
2018.09.16.14.48.23, SUMMARY_VECTOR_RECEIVED, 20367
2018.09.16.14.48.43, SUMMARY_VECTOR_RECEIVED, 20367
2018.09.16.14.49.03, SUMMARY_VECTOR_RECEIVED, 20367
2018.09.16.14.49.23, SUMMARY_VECTOR_RECEIVED, 20367
2018.09.16.14.49.43, SUMMARY_VECTOR_RECEIVED, 20367
2018.09.16.14.50.03, SUMMARY_VECTOR_RECEIVED, 20367
2018.09.16.14.50.23, SUMMARY_VECTOR_RECEIVED, 20367
2018.09.16.14.50.43, SUMMARY_VECTOR_RECEIVED, 20367
2018.09.16.14.51.03, SUMMARY_VECTOR_RECEIVED, 20367
2018.09.16.14.51.23, SUMMARY_VECTOR_RECEIVED, 20367
2018.09.16.14.51.43, SUMMARY_VECTOR_RECEIVED, 20367
2018.09.16.14.52.03, SUMMARY_VECTOR_RECEIVED, 20367
2018.09.16.14.52.23, SUMMARY_VECTOR_RECEIVED, 20367
2018.09.16.14.52.43, PEER_DISCOVERED, 7318831572, 192.168.43.235
2018.09.16.14.52.43, SUMMARY_VECTOR_RECEIVED, 20367
2018.09.16.14.52.43, SUMMARY_VECTOR_RECEIVED, 6523
2018.09.16.14.52.48, DEBUG Controller MISSING FILE START DOWNLOAD pub_7318831572.bgp -1.0
2018.09.16.14.52.48, DEBUG Controller MISSING FILE START DOWNLOAD ff255dbd1ee17fcd33dadf784c14607b_v7318831572_volunteer_50.bgp -1.0
2018.09.16.14.52.48, START_FILE_DOWNLOAD, 3b837e22fe264dce381d374ab248597, ff255dbd1ee17fcd33dadf784c14607b_v7318831572_volunteer_50.bgp, 0, 686.0, 7318831572
2018.09.16.14.52.48, STOP_FILE_DOWNLOAD, 3b837e22fe264dce381d374ab248597, ff255dbd1ee17fcd33dadf784c14607b_v7318831572_volunteer_50.bgp, 686, 686.0, 7318831572
2018.09.16.14.52.48, START_FILE_DOWNLOAD, e647c07cd59c1709a63abb0eb448223, ff255dbd1ee17fcd33dadf784c14607b_v7318831572_volunteer_50_4.diff, 0, 603.0, 192.168.43.235
2018.09.16.14.52.48, START_FILE_DOWNLOAD, 45aa458cd7685772d5e27a598b338e0, ff255dbd1ee17fcd33dadf784c14607b_v7318831572_volunteer_50_ac5c3fbab5fa82c2.jpeg, 0, 259159.0, 192.168.43.235
2018.09.16.14.52.48, STOP_FILE_DOWNLOAD, e647c07cd59c1709a63abb0eb448223, ff255dbd1ee17fcd33dadf784c14607b_v7318831572_volunteer_50_4.diff, 603, 603.0, 192.168.43.235
2018.09.16.14.52.48, START_FILE_DOWNLOAD, d3e71fb631923b764c7a9f96c326bea, ff255dbd1ee17fcd33dadf784c14607b_v7318831572_volunteer_50_91156dd8e89fd983.png, 0, 80837.0, 192.168.43.235
2018.09.16.14.52.48, START_FILE_DOWNLOAD, fadff5fc8536d9897ea7599394b157, ff255dbd1ee17fcd33dadf784c14607b_v7318831572_volunteer_50_2.diff, 0, 419.0, 192.168.43.235
2018.09.16.14.52.48, STOP_FILE_DOWNLOAD, fadff5fc8536d9897ea7599394b157, ff255dbd1ee17fcd33dadf784c14607b_v7318831572_volunteer_50_2.diff, 419, 419.0, 192.168.43.235
2018.09.16.14.52.48, START_FILE_DOWNLOAD, 80ce79178047b4df57c6e746c55b536, ff255dbd1ee17fcd33dadf784c14607b_v7318831572_volunteer_50_1.diff, 0, 164.0, 192.168.43.235
2018.09.16.14.52.48, START_FILE_DOWNLOAD, 71dcf2cb26564c01d6252a0fe2ab69, pub_7318831572.bgp, 0, 313.0, 7318831572
2018.09.16.14.52.48, START_FILE_DOWNLOAD, 8d6d9c6d7e4aeea70bc8e6bdc9838a0, ff255dbd1ee17fcd33dadf784c14607b_v7318831572_volunteer_50_7cf289a6cda33865.png, 0, 114907.0, 192.168.43.235
2018.09.16.14.52.48, STOP_FILE_DOWNLOAD, 71dcf2cb26564c01d6252a0fe2ab69, pub_7318831572.bgp, 313, 313.0, 7318831572
2018.09.16.14.52.48, STOP_FILE_DOWNLOAD, 80ce79178047b4df57c6e746c55b536, ff255dbd1ee17fcd33dadf784c14607b_v7318831572_volunteer_50_1.diff, 164, 164.0, 192.168.43.235
2018.09.16.14.52.48, STOP_FILE_DOWNLOAD, d3e71fb631923b764c7a9f96c326bea, ff255dbd1ee17fcd33dadf784c14607b_v7318831572_volunteer_50_91156dd8e89fd983.png, 80837, 80837.0, 192.168.43.235
2018.09.16.14.52.48, START_FILE_DOWNLOAD, cde7fbf5941fe54025c398d35d1712f3, ff255dbd1ee17fcd33dadf784c14607b_v7318831572_volunteer_50_5.diff, 0, 657.0, 192.168.43.235
2018.09.16.14.52.48, START_FILE_DOWNLOAD, e3634c233bd7ae3ebda99d423e6915, ff255dbd1ee17fcd33dadf784c14607b_v7318831572_volunteer_50_3.diff, 0, 519.0, 192.168.43.235
2018.09.16.14.52.48, START_FILE_DOWNLOAD, 691eed46ebac0f65468768139d80, ff255dbd1ee17fcd33dadf784c14607b_v7318831572_volunteer_50_fcc00c47c8abac77.jpeg, 0, 238654.0, 192.168.43.235
2018.09.16.14.52.48, STOP_FILE_DOWNLOAD, 45aa458cd7685772d5e27a598b338e0, ff255dbd1ee17fcd33dadf784c14607b_v7318831572_volunteer_50_ac5c3fbab5fa82c2.jpeg, 259159, 259159.0, 192.168.43.235
2018.09.16.14.52.48, STOP_FILE_DOWNLOAD, e3634c233bd7ae3ebda99d423e6915, ff255dbd1ee17fcd33dadf784c14607b_v7318831572_volunteer_50_3.diff, 519, 519.0, 192.168.43.235
2018.09.16.14.52.48, STOP_FILE_DOWNLOAD, cde7fbf5941fe54025c398d35d1712f3, ff255dbd1ee17fcd33dadf784c14607b_v7318831572_volunteer_50_5.diff, 657, 657.0, 192.168.43.235
2018.09.16.14.52.48, STOP_FILE_DOWNLOAD, 8d6d9c6d7e4aeea70bc8e6bdc9838a0, ff255dbd1ee17fcd33dadf784c14607b_v7318831572_volunteer_50_7cf289a6cda33865.png, 114907, 114907.0, 192.168.43.235
2018.09.16.14.52.48, STOP_FILE_DOWNLOAD, 691eed46ebac0f65468768139d80, ff255dbd1ee17fcd33dadf784c14607b_v7318831572_volunteer_50_fcc00c47c8abac77.jpeg, 238654, 238654.0, 192.168.43.235
2018.09.16.14.53.03, SUMMARY_VECTOR_RECEIVED, 24891
2018.09.16.14.53.03, SUMMARY_VECTOR_RECEIVED, 25001
2018.09.16.14.53.06, PEER_DISCOVERED, 7100000001, 192.168.43.246
2018.09.16.14.53.08, SUMMARY_VECTOR_RECEIVED, 6901
2018.09.16.14.53.13, CHECKING OLD LOG FILES IF ANY
2018.09.16.14.53.13, DEBUG Controller MISSING FILE START DOWNLOAD pub_7100000001.bgp -1.0
2018.09.16.14.53.13, DEBUG Controller MISSING FILE START DOWNLOAD 5b1fa66edc5450baf94bd853ae32c92b_v7100000001_volunteer_50.bgp -1.0
2018.09.16.14.53.13, START_FILE_DOWNLOAD, 1b14982ab99fa4b921225b87549ead24, pub_7100000001.bgp, 0, 313.0, 7100000001
2018.09.16.14.53.13, STOP_FILE_DOWNLOAD, 1b14982ab99fa4b921225b87549ead24, pub_7100000001.bgp, 313, 313.0, 7100000001
2018.09.16.14.53.13, START_FILE_DOWNLOAD, c9c4566ae4735f58cb3a4c8481afe5e7, 5b1fa66edc5450baf94bd853ae32c92b_v7100000001_volunteer_50.bgp, 0, 678.0, 7100000001
2018.09.16.14.53.13, START_FILE_DOWNLOAD, 5ffcf15838fb947de357b4922d9b72e3, 5b1fa66edc5450baf94bd853ae32c92b_v7100000001_volunteer_50_3.diff, 0, 499.0, 192.168.43.246
2018.09.16.14.53.13, STOP_FILE_DOWNLOAD, c9c4566ae4735f58cb3a4c8481afe5e7, 5b1fa66edc5450baf94bd853ae32c92b_v7100000001_volunteer_50.bgp, 678, 678.0, 7100000001
2018.09.16.14.53.13, STOP_FILE_DOWNLOAD, 5ffcf15838fb947de357b4922d9b72e3, 5b1fa66edc5450baf94bd853ae32c92b_v7100000001_volunteer_50_3.diff, 499, 499.0, 192.168.43.246
2018.09.16.14.53.13, START_FILE_DOWNLOAD, aec9a4471c407dffa61e058ac1275d0, 5b1fa66edc5450baf94bd853ae32c92b_v7100000001_volunteer_50_2.diff, 0, 252.0, 192.168.43.246
2018.09.16.14.53.13, START_FILE_DOWNLOAD, 263432a6117da8a3562e825521d4e9, 5b1fa66edc5450baf94bd853ae32c92b_v7100000001_volunteer_50_bb52b389c1dc20be.png, 0, 67492.0, 192.168.43.246
2018.09.16.14.53.13, START_FILE_DOWNLOAD, 777a4b4aa99850d5a6973cb9c0c7a84a, 5b1fa66edc5450baf94bd853ae32c92b_v7100000001_volunteer_50_7ce7a455d12f2d66.mp4, 0, 5263933.0, 192.168.43.246
2018.09.16.14.53.13, START_FILE_DOWNLOAD, 6e298ff66c7dd5e284571562fb497834, 5b1fa66edc5450baf94bd853ae32c92b_v7100000001_volunteer_50_5.diff, 0, 648.0, 192.168.43.246
2018.09.16.14.53.13, START_FILE_DOWNLOAD, 5828d78d9e925c5b76ad9a44f9553f, 5b1fa66edc5450baf94bd853ae32c92b_v7100000001_volunteer_50_7a63e50cb556b723.png, 0, 24661.0, 192.168.43.246
2018.09.16.14.53.13, START_FILE_DOWNLOAD, 5ed0da37baf33f8c75c35f4e1da94c2, 5b1fa66edc5450baf94bd853ae32c92b_v7100000001_volunteer_50_e4459e1b765fef.jpeg, 0, 214439.0, 192.168.43.246
2018.09.16.14.53.13, START_FILE_DOWNLOAD, bf95c3efdbcd9875c4958765c2df7a5, 5b1fa66edc5450baf94bd853ae32c92b_v7100000001_volunteer_50_4.diff, 0, 554.0, 192.168.43.246
2018.09.16.14.53.13, START_FILE_DOWNLOAD, f8ca5094a8be7b5addda1a52c5b945d, 5b1fa66edc5450baf94bd853ae32c92b_v7100000001_volunteer_50_1.diff, 0, 163.0, 192.168.43.246
2018.09.16.14.53.13, STOP_FILE_DOWNLOAD, aec9a4471c407dffa61e058ac1275d0, 5b1fa66edc5450baf94bd853ae32c92b_v7100000001_volunteer_50_2.diff, 252, 252.0, 192.168.43.246
2018.09.16.14.53.13, STOP_FILE_DOWNLOAD, 6e298ff66c7dd5e284571562fb497834, 5b1fa66edc5450baf94bd853ae32c92b_v7100000001_volunteer_50_5.diff, 648, 648.0, 192.168.43.246
2018.09.16.14.53.13, STOP_FILE_DOWNLOAD, bf95c3efdbcd9875c4958765c2df7a5, 5b1fa66edc5450baf94bd853ae32c92b_v7100000001_volunteer_50_4.diff, 554, 554.0, 192.168.43.246
2018.09.16.14.53.13, STOP_FILE_DOWNLOAD, f8ca5094a8be7b5addda1a52c5b945d, 5b1fa66edc5450baf94bd853ae32c92b_v7100000001_volunteer_50_1.diff, 163, 163.0, 192.168.43.246
2018.09.16.14.53.13, STOP_FILE_DOWNLOAD, 263432a6117da8a3562e825521d4e9, 5b1fa66edc5450baf94bd853ae32c92b_v7100000001_volunteer_50_bb52b389c1dc20be.png, 67492, 67492.0, 192.168.43.246
2018.09.16.14.53.13, STOP_FILE_DOWNLOAD, 5828d78d9e925c5b76ad9a44f9553f, 5b1fa66edc5450baf94bd853ae32c92b_v7100000001_volunteer_50_7a63e50cb556b723.png, 80787, 24661.0, 192.168.43.246
2018.09.16.14.53.13, STOP_FILE_DOWNLOAD, 5ed0da37baf33f8c75c35f4e1da94c2, 5b1fa66edc5450baf94bd853ae32c92b_v7100000001_volunteer_50_e4459e1b765fef.jpeg, 214439, 214439.0, 192.168.43.246
2018.09.16.14.53.16, STOP_FILE_DOWNLOAD, 777a4b4aa99850d5a6973cb9c0c7a84a, 5b1fa66edc5450baf94bd853ae32c92b_v7100000001_volunteer_50_7ce7a455d12f2d66.mp4, 5263933, 5263933.0, 192.168.43.246
2018.09.16.14.53.23, SUMMARY_VECTOR_RECEIVED, 30027
2018.09.16.14.53.23, SUMMARY_VECTOR_RECEIVED, 6903
2018.09.16.14.53.23, SUMMARY_VECTOR_RECEIVED, 29921
2018.09.16.14.53.28, CHECKING OLD LOG FILES IF ANY
2018.09.16.14.53.28, DEBUG Controller MISSING FILE START DOWNLOAD MapDisarm_Log_7100000001_20180916145305.txt 9.999999999999998E13
2018.09.16.14.53.28, START_FILE_DOWNLOAD, 7711fb69e74c33d7ef766c2b5577a56, MapDisarm_Log_7100000001_20180916145305.txt, 0, 150.0, 7100000001
2018.09.16.14.53.28, STOP_FILE_DOWNLOAD, 7711fb69e74c33d7ef766c2b5577a56, MapDisarm_Log_7100000001_20180916145305.txt, 150, 150.0, 7100000001
2018.09.16.14.53.33, KEEPING LOGMapDisarm_Log_7100000001_20180916145305.txt
2018.09.16.14.53.43, SUMMARY_VECTOR_RECEIVED, 30408
2018.09.16.14.53.43, SUMMARY_VECTOR_RECEIVED, 30302
2018.09.16.14.53.43, SUMMARY_VECTOR_RECEIVED, 30255
2018.09.16.14.53.48, CHECKING OLD LOG FILES IF ANY
2018.09.16.14.53.48, DEBUG Controller MISSING FILE START DOWNLOAD MapDisarm_Log_7100000001_20180916145330.txt 9.999999999999998E13
2018.09.16.14.53.48, START_FILE_DOWNLOAD, b391f362c8bacb6cb81f89748b486, MapDisarm_Log_7100000001_20180916145330.txt, 0, 199.0, 7100000001
2018.09.16.14.53.48, STOP_FILE_DOWNLOAD, b391f362c8bacb6cb81f89748b486, MapDisarm_Log_7100000001_20180916145330.txt, 199, 199.0, 7100000001
2018.09.16.14.53.53, REMOVING LOGMapDisarm_Log_7100000001_20180916145305.txt
2018.09.16.14.53.53, KEEPING LOGMapDisarm_Log_7100000001_20180916145330.txt
2018.09.16.14.53.53, CHECKING OLD LOG FILES IF ANY
2018.09.16.14.53.53, CHECKING OLD LOG FILES IF ANY
2018.09.16.14.53.58, CHECKING OLD LOG FILES IF ANY
2018.09.16.14.54.03, CHECKING OLD LOG FILES IF ANY
2018.09.16.14.54.03, SUMMARY_VECTOR_RECEIVED, 30681
2018.09.16.14.54.03, SUMMARY_VECTOR_RECEIVED, 30257
2018.09.16.14.54.03, SUMMARY_VECTOR_RECEIVED, 30786
2018.09.16.14.54.08, CHECKING OLD LOG FILES IF ANY
2018.09.16.14.54.08, DEBUG Controller MISSING FILE START DOWNLOAD MapDisarm_Log_7100000001_20180916145350.txt 9.999999999999998E13
2018.09.16.14.54.08, START_FILE_DOWNLOAD, 6b49151188fd222b9f92f5713f3543, MapDisarm_Log_7100000001_20180916145350.txt, 0, 249.0, 7100000001
2018.09.16.14.54.08, STOP_FILE_DOWNLOAD, 6b49151188fd222b9f92f5713f3543, MapDisarm_Log_7100000001_20180916145350.txt, 249, 249.0, 7100000001
2018.09.16.14.54.13, KEEPING LOGMapDisarm_Log_7100000001_20180916145350.txt
2018.09.16.14.54.13, REMOVING LOGMapDisarm_Log_7100000001_20180916145330.txt
2018.09.16.14.54.13, CHECKING OLD LOG FILES IF ANY
2018.09.16.14.54.13, CHECKING OLD LOG FILES IF ANY
2018.09.16.14.54.18, CHECKING OLD LOG FILES IF ANY
2018.09.16.14.54.23, CHECKING OLD LOG FILES IF ANY
2018.09.16.14.54.23, SUMMARY_VECTOR_RECEIVED, 30257
2018.09.16.14.54.23, SUMMARY_VECTOR_RECEIVED, 31155
2018.09.16.14.54.23, SUMMARY_VECTOR_RECEIVED, 31063
2018.09.16.14.54.28, CHECKING OLD LOG FILES IF ANY
2018.09.16.14.54.28, DEBUG Controller MISSING FILE START DOWNLOAD MapDisarm_Log_7100000001_20180916145410.txt 9.999999999999998E13
2018.09.16.14.54.28, START_FILE_DOWNLOAD, 3aefef82f7378331d32f24c5bad3ef, MapDisarm_Log_7100000001_20180916145410.txt, 0, 298.0, 7100000001
2018.09.16.14.54.28, STOP_FILE_DOWNLOAD, 3aefef82f7378331d32f24c5bad3ef, MapDisarm_Log_7100000001_20180916145410.txt, 298, 298.0, 7100000001
2018.09.16.14.54.33, REMOVING LOGMapDisarm_Log_7100000001_20180916145350.txt
2018.09.16.14.54.33, KEEPING LOGMapDisarm_Log_7100000001_20180916145410.txt
2018.09.16.14.54.33, CHECKING OLD LOG FILES IF ANY
2018.09.16.14.54.33, CHECKING OLD LOG FILES IF ANY
2018.09.16.14.54.38, CHECKING OLD LOG FILES IF ANY
2018.09.16.14.54.43, CHECKING OLD LOG FILES IF ANY
2018.09.16.14.54.43, SUMMARY_VECTOR_RECEIVED, 31452
2018.09.16.14.54.43, SUMMARY_VECTOR_RECEIVED, 30261
2018.09.16.14.54.43, SUMMARY_VECTOR_RECEIVED, 31524
2018.09.16.14.54.48, CHECKING OLD LOG FILES IF ANY
2018.09.16.14.54.48, DEBUG Controller MISSING FILE START DOWNLOAD MapDisarm_Log_7100000001_20180916145430.txt 9.999999999999998E13
2018.09.16.14.54.48, START_FILE_DOWNLOAD, 7cf7109296b170bb38967ef349e87212, MapDisarm_Log_7100000001_20180916145430.txt, 0, 348.0, 7100000001
2018.09.16.14.54.48, STOP_FILE_DOWNLOAD, 7cf7109296b170bb38967ef349e87212, MapDisarm_Log_7100000001_20180916145430.txt, 348, 348.0, 7100000001
2018.09.16.14.54.53, KEEPING LOGMapDisarm_Log_7100000001_20180916145430.txt
2018.09.16.14.54.53, REMOVING LOGMapDisarm_Log_7100000001_20180916145410.txt
2018.09.16.14.54.53, CHECKING OLD LOG FILES IF ANY
2018.09.16.14.54.53, CHECKING OLD LOG FILES IF ANY
2018.09.16.14.54.58, CHECKING OLD LOG FILES IF ANY
2018.09.16.14.55.03, CHECKING OLD LOG FILES IF ANY
2018.09.16.14.55.03, SUMMARY_VECTOR_RECEIVED, 30259
2018.09.16.14.55.03, SUMMARY_VECTOR_RECEIVED, 31897
2018.09.16.14.55.03, SUMMARY_VECTOR_RECEIVED, 31837
2018.09.16.14.55.08, CHECKING OLD LOG FILES IF ANY
2018.09.16.14.55.08, DEBUG Controller MISSING FILE START DOWNLOAD MapDisarm_Log_7100000001_20180916145450.txt 9.999999999999998E13
2018.09.16.14.55.08, START_FILE_DOWNLOAD, 541a7785208bf1bf762ac6c8cababde, MapDisarm_Log_7100000001_20180916145450.txt, 0, 398.0, 7100000001
2018.09.16.14.55.08, STOP_FILE_DOWNLOAD, 541a7785208bf1bf762ac6c8cababde, MapDisarm_Log_7100000001_20180916145450.txt, 398, 398.0, 7100000001
2018.09.16.14.55.13, REMOVING LOGMapDisarm_Log_7100000001_20180916145430.txt
2018.09.16.14.55.13, KEEPING LOGMapDisarm_Log_7100000001_20180916145450.txt
2018.09.16.14.55.13, CHECKING OLD LOG FILES IF ANY
2018.09.16.14.55.13, CHECKING OLD LOG FILES IF ANY
2018.09.16.14.55.18, CHECKING OLD LOG FILES IF ANY
2018.09.16.14.55.23, CHECKING OLD LOG FILES IF ANY
2018.09.16.14.55.23, SUMMARY_VECTOR_RECEIVED, 30257
2018.09.16.14.55.23, SUMMARY_VECTOR_RECEIVED, 32218
2018.09.16.14.55.23, SUMMARY_VECTOR_RECEIVED, 32268
2018.09.16.14.55.28, CHECKING OLD LOG FILES IF ANY
2018.09.16.14.55.28, DEBUG Controller MISSING FILE START DOWNLOAD MapDisarm_Log_7100000001_20180916145510.txt 9.999999999999998E13
2018.09.16.14.55.28, START_FILE_DOWNLOAD, 485646a576a94f923bfde1d6df3f43, MapDisarm_Log_7100000001_20180916145510.txt, 0, 448.0, 7100000001
2018.09.16.14.55.28, STOP_FILE_DOWNLOAD, 485646a576a94f923bfde1d6df3f43, MapDisarm_Log_7100000001_20180916145510.txt, 448, 448.0, 7100000001
2018.09.16.14.55.33, KEEPING LOGMapDisarm_Log_7100000001_20180916145510.txt
2018.09.16.14.55.33, REMOVING LOGMapDisarm_Log_7100000001_20180916145450.txt
2018.09.16.14.55.33, CHECKING OLD LOG FILES IF ANY
2018.09.16.14.55.33, CHECKING OLD LOG FILES IF ANY
2018.09.16.14.55.38, CHECKING OLD LOG FILES IF ANY
2018.09.16.14.55.43, CHECKING OLD LOG FILES IF ANY
2018.09.16.14.55.43, SUMMARY_VECTOR_RECEIVED, 30261
2018.09.16.14.55.43, SUMMARY_VECTOR_RECEIVED, 32637
2018.09.16.14.55.43, SUMMARY_VECTOR_RECEIVED, 32599
2018.09.16.14.55.48, CHECKING OLD LOG FILES IF ANY
2018.09.16.14.55.48, DEBUG Controller MISSING FILE START DOWNLOAD MapDisarm_Log_7100000001_20180916145530.txt 9.999999999999998E13
2018.09.16.14.55.48, START_FILE_DOWNLOAD, cfc2c224d8e4dbf292826f9d7f33109d, MapDisarm_Log_7100000001_20180916145530.txt, 0, 498.0, 7100000001
2018.09.16.14.55.48, STOP_FILE_DOWNLOAD, cfc2c224d8e4dbf292826f9d7f33109d, MapDisarm_Log_7100000001_20180916145530.txt, 498, 498.0, 7100000001
2018.09.16.14.55.53, KEEPING LOGMapDisarm_Log_7100000001_20180916145530.txt
2018.09.16.14.55.53, REMOVING LOGMapDisarm_Log_7100000001_20180916145510.txt
2018.09.16.14.55.53, CHECKING OLD LOG FILES IF ANY
2018.09.16.14.55.53, CHECKING OLD LOG FILES IF ANY
2018.09.16.14.55.58, CHECKING OLD LOG FILES IF ANY
2018.09.16.14.56.03, CHECKING OLD LOG FILES IF ANY
2018.09.16.14.56.03, SUMMARY_VECTOR_RECEIVED, 30257
2018.09.16.14.56.03, SUMMARY_VECTOR_RECEIVED, 33010
2018.09.16.14.56.03, SUMMARY_VECTOR_RECEIVED, 32987
2018.09.16.14.56.08, CHECKING OLD LOG FILES IF ANY
2018.09.16.14.56.08, DEBUG Controller MISSING FILE START DOWNLOAD MapDisarm_Log_7100000001_20180916145550.txt 9.999999999999998E13
2018.09.16.14.56.08, START_FILE_DOWNLOAD, de5c307b78751fc850a0686b848a30, MapDisarm_Log_7100000001_20180916145550.txt, 0, 548.0, 7100000001
2018.09.16.14.56.08, STOP_FILE_DOWNLOAD, de5c307b78751fc850a0686b848a30, MapDisarm_Log_7100000001_20180916145550.txt, 548, 548.0, 7100000001
2018.09.16.14.56.13, REMOVING LOGMapDisarm_Log_7100000001_20180916145530.txt
2018.09.16.14.56.13, KEEPING LOGMapDisarm_Log_7100000001_20180916145550.txt
2018.09.16.14.56.13, CHECKING OLD LOG FILES IF ANY
2018.09.16.14.56.13, CHECKING OLD LOG FILES IF ANY
2018.09.16.14.56.18, CHECKING OLD LOG FILES IF ANY
2018.09.16.14.56.23, CHECKING OLD LOG FILES IF ANY
2018.09.16.14.56.23, SUMMARY_VECTOR_RECEIVED, 33369
2018.09.16.14.56.23, SUMMARY_VECTOR_RECEIVED, 30257
2018.09.16.14.56.23, SUMMARY_VECTOR_RECEIVED, 33379
2018.09.16.14.56.28, CHECKING OLD LOG FILES IF ANY
2018.09.16.14.56.28, DEBUG Controller MISSING FILE START DOWNLOAD MapDisarm_Log_7100000001_20180916145610.txt 9.999999999999998E13
2018.09.16.14.56.28, START_FILE_DOWNLOAD, 74cb1e784c6803d6bc1676a2e6fd7b, MapDisarm_Log_7100000001_20180916145610.txt, 0, 598.0, 7100000001
2018.09.16.14.56.28, STOP_FILE_DOWNLOAD, 74cb1e784c6803d6bc1676a2e6fd7b, MapDisarm_Log_7100000001_20180916145610.txt, 598, 598.0, 7100000001
2018.09.16.14.56.33, REMOVING LOGMapDisarm_Log_7100000001_20180916145550.txt
2018.09.16.14.56.33, KEEPING LOGMapDisarm_Log_7100000001_20180916145610.txt
2018.09.16.14.56.33, CHECKING OLD LOG FILES IF ANY
2018.09.16.14.56.33, CHECKING OLD LOG FILES IF ANY
2018.09.16.14.56.38, CHECKING OLD LOG FILES IF ANY
2018.09.16.14.56.43, CHECKING OLD LOG FILES IF ANY
2018.09.16.14.56.43, SUMMARY_VECTOR_RECEIVED, 33748
2018.09.16.14.56.43, SUMMARY_VECTOR_RECEIVED, 33753
2018.09.16.14.56.43, SUMMARY_VECTOR_RECEIVED, 30259
2018.09.16.14.56.48, CHECKING OLD LOG FILES IF ANY
2018.09.16.14.56.48, DEBUG Controller MISSING FILE START DOWNLOAD MapDisarm_Log_7100000001_20180916145630.txt 9.999999999999998E13
2018.09.16.14.56.48, START_FILE_DOWNLOAD, c87fb69217f790ef2f4207d3c957350, MapDisarm_Log_7100000001_20180916145630.txt, 0, 647.0, 7100000001
2018.09.16.14.56.48, STOP_FILE_DOWNLOAD, c87fb69217f790ef2f4207d3c957350, MapDisarm_Log_7100000001_20180916145630.txt, 647, 647.0, 7100000001
2018.09.16.14.56.53, KEEPING LOGMapDisarm_Log_7100000001_20180916145630.txt
2018.09.16.14.56.53, REMOVING LOGMapDisarm_Log_7100000001_20180916145610.txt
2018.09.16.14.56.53, CHECKING OLD LOG FILES IF ANY
2018.09.16.14.56.53, CHECKING OLD LOG FILES IF ANY
2018.09.16.14.56.58, CHECKING OLD LOG FILES IF ANY
2018.09.16.14.57.03, CHECKING OLD LOG FILES IF ANY
2018.09.16.14.57.03, SUMMARY_VECTOR_RECEIVED, 30257
2018.09.16.14.57.03, SUMMARY_VECTOR_RECEIVED, 34124
2018.09.16.14.57.03, SUMMARY_VECTOR_RECEIVED, 34119
2018.09.16.14.57.08, CHECKING OLD LOG FILES IF ANY
2018.09.16.14.57.08, DEBUG Controller MISSING FILE START DOWNLOAD MapDisarm_Log_7100000001_20180916145650.txt 9.999999999999998E13
2018.09.16.14.57.08, START_FILE_DOWNLOAD, 1e7e4deb01ec6d1ea3b30197e9f156, MapDisarm_Log_7100000001_20180916145650.txt, 0, 697.0, 7100000001
2018.09.16.14.57.08, STOP_FILE_DOWNLOAD, 1e7e4deb01ec6d1ea3b30197e9f156, MapDisarm_Log_7100000001_20180916145650.txt, 697, 697.0, 7100000001
2018.09.16.14.57.13, REMOVING LOGMapDisarm_Log_7100000001_20180916145630.txt
2018.09.16.14.57.13, KEEPING LOGMapDisarm_Log_7100000001_20180916145650.txt
2018.09.16.14.57.13, CHECKING OLD LOG FILES IF ANY
2018.09.16.14.57.13, CHECKING OLD LOG FILES IF ANY
2018.09.16.14.57.18, CHECKING OLD LOG FILES IF ANY
2018.09.16.14.57.23, CHECKING OLD LOG FILES IF ANY
2018.09.16.14.57.23, SUMMARY_VECTOR_RECEIVED, 30259
2018.09.16.14.57.23, SUMMARY_VECTOR_RECEIVED, 34488
2018.09.16.14.57.23, SUMMARY_VECTOR_RECEIVED, 34493
2018.09.16.14.57.28, CHECKING OLD LOG FILES IF ANY
2018.09.16.14.57.28, DEBUG Controller MISSING FILE START DOWNLOAD MapDisarm_Log_7100000001_20180916145710.txt 9.999999999999998E13
2018.09.16.14.57.28, START_FILE_DOWNLOAD, fb8e2935270f7f6973c7f557b86d53c, MapDisarm_Log_7100000001_20180916145710.txt, 0, 747.0, 7100000001
2018.09.16.14.57.28, STOP_FILE_DOWNLOAD, fb8e2935270f7f6973c7f557b86d53c, MapDisarm_Log_7100000001_20180916145710.txt, 747, 747.0, 7100000001
2018.09.16.14.57.33, KEEPING LOGMapDisarm_Log_7100000001_20180916145710.txt
2018.09.16.14.57.33, REMOVING LOGMapDisarm_Log_7100000001_20180916145650.txt
2018.09.16.14.57.33, CHECKING OLD LOG FILES IF ANY
2018.09.16.14.57.33, CHECKING OLD LOG FILES IF ANY
2018.09.16.14.57.38, CHECKING OLD LOG FILES IF ANY
2018.09.16.14.57.43, CHECKING OLD LOG FILES IF ANY
2018.09.16.14.57.43, SUMMARY_VECTOR_RECEIVED, 34864
2018.09.16.14.57.43, SUMMARY_VECTOR_RECEIVED, 34859
2018.09.16.14.57.43, SUMMARY_VECTOR_RECEIVED, 30261
2018.09.16.14.57.48, CHECKING OLD LOG FILES IF ANY
2018.09.16.14.57.48, DEBUG Controller MISSING FILE START DOWNLOAD MapDisarm_Log_7100000001_20180916145730.txt 9.999999999999998E13
2018.09.16.14.57.49, START_FILE_DOWNLOAD, cfef21d786a6b08645b71b759edb1f15, MapDisarm_Log_7100000001_20180916145730.txt, 0, 797.0, 7100000001
2018.09.16.14.57.49, STOP_FILE_DOWNLOAD, cfef21d786a6b08645b71b759edb1f15, MapDisarm_Log_7100000001_20180916145730.txt, 797, 797.0, 7100000001
2018.09.16.14.57.53, KEEPING LOGMapDisarm_Log_7100000001_20180916145730.txt
2018.09.16.14.57.53, REMOVING LOGMapDisarm_Log_7100000001_20180916145710.txt
2018.09.16.14.57.53, CHECKING OLD LOG FILES IF ANY
2018.09.16.14.57.53, CHECKING OLD LOG FILES IF ANY
2018.09.16.14.57.58, CHECKING OLD LOG FILES IF ANY
2018.09.16.14.58.03, CHECKING OLD LOG FILES IF ANY
2018.09.16.14.58.03, SUMMARY_VECTOR_RECEIVED, 30255
2018.09.16.14.58.03, SUMMARY_VECTOR_RECEIVED, 35232
2018.09.16.14.58.03, SUMMARY_VECTOR_RECEIVED, 36985
2018.09.16.14.58.08, CHECKING OLD LOG FILES IF ANY
2018.09.16.14.58.08, DEBUG Controller MISSING FILE START DOWNLOAD ff255dbd1ee17fcd33dadf784c14607b_v7318831572_volunteer_50_6.diff -1.0
2018.09.16.14.58.08, DEBUG Controller MISSING FILE START DOWNLOAD MapDisarm_Log_7100000001_20180916145750.txt 9.999999999999998E13
2018.09.16.14.58.08, START_FILE_DOWNLOAD, d6472acbf4ae58ca6b5b95a07482d2a, ff255dbd1ee17fcd33dadf784c14607b_v7318831572_volunteer_50_6.diff, 0, 912.0, 7318831572
2018.09.16.14.58.08, STOP_FILE_DOWNLOAD, d6472acbf4ae58ca6b5b95a07482d2a, ff255dbd1ee17fcd33dadf784c14607b_v7318831572_volunteer_50_6.diff, 912, 912.0, 7318831572
2018.09.16.14.58.08, START_FILE_DOWNLOAD, a6e6d6f7a48bc688f7f050fd9829c62, ff255dbd1ee17fcd33dadf784c14607b_v7318831572_volunteer_50_4d0be6dcdbf21cf3.png, 0, 69242.0, 192.168.43.235
2018.09.16.14.58.08, START_FILE_DOWNLOAD, 781b8186c8e79374f8d9928250df75d, ff255dbd1ee17fcd33dadf784c14607b_7318831572_volunteer_50_85d4b75b46227605.3gp, 0, 5241.0, 192.168.43.235
2018.09.16.14.58.08, STOP_FILE_DOWNLOAD, 781b8186c8e79374f8d9928250df75d, ff255dbd1ee17fcd33dadf784c14607b_7318831572_volunteer_50_85d4b75b46227605.3gp, 15545, 5241.0, 192.168.43.235
2018.09.16.14.58.08, START_FILE_DOWNLOAD, bc414157f391f781ab5333ee6e069, ff255dbd1ee17fcd33dadf784c14607b_v7318831572_volunteer_50_7.diff, 0, 969.0, 192.168.43.235
2018.09.16.14.58.08, STOP_FILE_DOWNLOAD, bc414157f391f781ab5333ee6e069, ff255dbd1ee17fcd33dadf784c14607b_v7318831572_volunteer_50_7.diff, 969, 969.0, 192.168.43.235
2018.09.16.14.58.08, START_FILE_DOWNLOAD, 28b92f2b872914bc9fc7a81adc36c, MapDisarm_Log_7100000001_20180916145750.txt, 0, 845.0, 7100000001
2018.09.16.14.58.08, STOP_FILE_DOWNLOAD, a6e6d6f7a48bc688f7f050fd9829c62, ff255dbd1ee17fcd33dadf784c14607b_v7318831572_volunteer_50_4d0be6dcdbf21cf3.png, 69242, 69242.0, 192.168.43.235
2018.09.16.14.58.08, STOP_FILE_DOWNLOAD, 28b92f2b872914bc9fc7a81adc36c, MapDisarm_Log_7100000001_20180916145750.txt, 845, 845.0, 7100000001
2018.09.16.14.58.13, REMOVING LOGMapDisarm_Log_7100000001_20180916145730.txt
2018.09.16.14.58.13, KEEPING LOGMapDisarm_Log_7100000001_20180916145750.txt
2018.09.16.14.58.13, CHECKING OLD LOG FILES IF ANY
2018.09.16.14.58.13, CHECKING OLD LOG FILES IF ANY
2018.09.16.14.58.18, CHECKING OLD LOG FILES IF ANY
2018.09.16.14.58.23, CHECKING OLD LOG FILES IF ANY
2018.09.16.14.58.23, SUMMARY_VECTOR_RECEIVED, 37770
2018.09.16.14.58.23, SUMMARY_VECTOR_RECEIVED, 37349
2018.09.16.14.58.23, SUMMARY_VECTOR_RECEIVED, 30259
2018.09.16.14.58.28, CHECKING OLD LOG FILES IF ANY
2018.09.16.14.58.28, DEBUG Controller MISSING FILE START DOWNLOAD ff255dbd1ee17fcd33dadf784c14607b_v7318831572_volunteer_50_8.diff -1.0
2018.09.16.14.58.28, DEBUG Controller MISSING FILE START DOWNLOAD MapDisarm_Log_7100000001_20180916145811.txt 9.999999999999998E13
2018.09.16.14.58.28, START_FILE_DOWNLOAD, b9bf7c0e7614a3ddfcced68236a7132, ff255dbd1ee17fcd33dadf784c14607b_v7318831572_volunteer_50_8.diff, 0, 1059.0, 7318831572
2018.09.16.14.58.28, STOP_FILE_DOWNLOAD, b9bf7c0e7614a3ddfcced68236a7132, ff255dbd1ee17fcd33dadf784c14607b_v7318831572_volunteer_50_8.diff, 1059, 1059.0, 7318831572
2018.09.16.14.58.28, START_FILE_DOWNLOAD, 6b59ed2ccb13345bad9458668365797, MapDisarm_Log_7100000001_20180916145811.txt, 0, 895.0, 7100000001
2018.09.16.14.58.28, STOP_FILE_DOWNLOAD, 6b59ed2ccb13345bad9458668365797, MapDisarm_Log_7100000001_20180916145811.txt, 895, 895.0, 7100000001
2018.09.16.14.58.33, KEEPING LOGMapDisarm_Log_7100000001_20180916145811.txt
2018.09.16.14.58.33, REMOVING LOGMapDisarm_Log_7100000001_20180916145750.txt
2018.09.16.14.58.33, CHECKING OLD LOG FILES IF ANY
2018.09.16.14.58.33, CHECKING OLD LOG FILES IF ANY
2018.09.16.14.58.38, CHECKING OLD LOG FILES IF ANY
2018.09.16.14.58.43, CHECKING OLD LOG FILES IF ANY
2018.09.16.14.58.43, SUMMARY_VECTOR_RECEIVED, 38138
2018.09.16.14.58.43, SUMMARY_VECTOR_RECEIVED, 38141
2018.09.16.14.58.43, SUMMARY_VECTOR_RECEIVED, 30261
2018.09.16.14.58.48, CHECKING OLD LOG FILES IF ANY
2018.09.16.14.58.48, DEBUG Controller MISSING FILE START DOWNLOAD MapDisarm_Log_7100000001_20180916145831.txt 9.999999999999998E13
2018.09.16.14.58.49, START_FILE_DOWNLOAD, bf415d76a8559fe3f3d4dbc814d5e599, MapDisarm_Log_7100000001_20180916145831.txt, 0, 945.0, 7100000001
2018.09.16.14.58.49, STOP_FILE_DOWNLOAD, bf415d76a8559fe3f3d4dbc814d5e599, MapDisarm_Log_7100000001_20180916145831.txt, 945, 945.0, 7100000001
2018.09.16.14.58.53, REMOVING LOGMapDisarm_Log_7100000001_20180916145811.txt
2018.09.16.14.58.53, KEEPING LOGMapDisarm_Log_7100000001_20180916145831.txt
2018.09.16.14.58.53, CHECKING OLD LOG FILES IF ANY
2018.09.16.14.58.53, CHECKING OLD LOG FILES IF ANY
2018.09.16.14.58.58, CHECKING OLD LOG FILES IF ANY
2018.09.16.14.59.03, CHECKING OLD LOG FILES IF ANY
2018.09.16.14.59.03, SUMMARY_VECTOR_RECEIVED, 30261
2018.09.16.14.59.03, SUMMARY_VECTOR_RECEIVED, 39389
2018.09.16.14.59.03, SUMMARY_VECTOR_RECEIVED, 38511
2018.09.16.14.59.08, CHECKING OLD LOG FILES IF ANY
2018.09.16.14.59.08, DEBUG Controller MISSING FILE START DOWNLOAD ff255dbd1ee17fcd33dadf784c14607b_v7318831572_volunteer_50_9.diff -1.0
2018.09.16.14.59.08, DEBUG Controller MISSING FILE START DOWNLOAD MapDisarm_Log_7100000001_20180916145850.txt 9.999999999999998E13
2018.09.16.14.59.08, START_FILE_DOWNLOAD, 44bb53eb74a9576a9cbf55e15ac5b81, ff255dbd1ee17fcd33dadf784c14607b_v7318831572_volunteer_50_9.diff, 0, 1307.0, 7318831572
2018.09.16.14.59.08, STOP_FILE_DOWNLOAD, 44bb53eb74a9576a9cbf55e15ac5b81, ff255dbd1ee17fcd33dadf784c14607b_v7318831572_volunteer_50_9.diff, 1307, 1307.0, 7318831572
2018.09.16.14.59.08, START_FILE_DOWNLOAD, 37f688ab3b6238c53a79fbc617ce3, ff255dbd1ee17fcd33dadf784c14607b_v7318831572_volunteer_50_c8820a97c9b5eebd.png, 0, 66985.0, 192.168.43.235
2018.09.16.14.59.08, START_FILE_DOWNLOAD, 2ae9c33557645425a3b4cafda1697087, MapDisarm_Log_7100000001_20180916145850.txt, 0, 995.0, 7100000001
2018.09.16.14.59.08, STOP_FILE_DOWNLOAD, 2ae9c33557645425a3b4cafda1697087, MapDisarm_Log_7100000001_20180916145850.txt, 995, 995.0, 7100000001
2018.09.16.14.59.08, STOP_FILE_DOWNLOAD, 37f688ab3b6238c53a79fbc617ce3, ff255dbd1ee17fcd33dadf784c14607b_v7318831572_volunteer_50_c8820a97c9b5eebd.png, 66985, 66985.0, 192.168.43.235
2018.09.16.14.59.13, KEEPING LOGMapDisarm_Log_7100000001_20180916145850.txt
2018.09.16.14.59.13, REMOVING LOGMapDisarm_Log_7100000001_20180916145831.txt
2018.09.16.14.59.13, CHECKING OLD LOG FILES IF ANY
2018.09.16.14.59.13, CHECKING OLD LOG FILES IF ANY
2018.09.16.14.59.18, CHECKING OLD LOG FILES IF ANY
2018.09.16.14.59.23, CHECKING OLD LOG FILES IF ANY
2018.09.16.14.59.24, SUMMARY_VECTOR_RECEIVED, 40183
2018.09.16.14.59.24, SUMMARY_VECTOR_RECEIVED, 30263
2018.09.16.14.59.24, SUMMARY_VECTOR_RECEIVED, 39759
2018.09.16.14.59.28, CHECKING OLD LOG FILES IF ANY
2018.09.16.14.59.28, DEBUG Controller MISSING FILE START DOWNLOAD ff255dbd1ee17fcd33dadf784c14607b_v7318831572_volunteer_50_10.diff -1.0
2018.09.16.14.59.28, DEBUG Controller MISSING FILE START DOWNLOAD MapDisarm_Log_7100000001_20180916145910.txt 9.999999999999998E13
2018.09.16.14.59.29, START_FILE_DOWNLOAD, 288192faef72710659c6555be1026d4, ff255dbd1ee17fcd33dadf784c14607b_v7318831572_volunteer_50_10.diff, 0, 1365.0, 7318831572
2018.09.16.14.59.29, STOP_FILE_DOWNLOAD, 288192faef72710659c6555be1026d4, ff255dbd1ee17fcd33dadf784c14607b_v7318831572_volunteer_50_10.diff, 1365, 1365.0, 7318831572
2018.09.16.14.59.29, START_FILE_DOWNLOAD, 7d3d7a7d64b29322526769e425924cfe, MapDisarm_Log_7100000001_20180916145910.txt, 0, 1045.0, 7100000001
2018.09.16.14.59.29, STOP_FILE_DOWNLOAD, 7d3d7a7d64b29322526769e425924cfe, MapDisarm_Log_7100000001_20180916145910.txt, 1045, 1045.0, 7100000001
2018.09.16.14.59.33, REMOVING LOGMapDisarm_Log_7100000001_20180916145850.txt
2018.09.16.14.59.33, KEEPING LOGMapDisarm_Log_7100000001_20180916145910.txt
2018.09.16.14.59.33, CHECKING OLD LOG FILES IF ANY
2018.09.16.14.59.33, CHECKING OLD LOG FILES IF ANY
2018.09.16.14.59.38, CHECKING OLD LOG FILES IF ANY
2018.09.16.14.59.43, CHECKING OLD LOG FILES IF ANY
2018.09.16.14.59.43, SUMMARY_VECTOR_RECEIVED, 40553
2018.09.16.14.59.43, SUMMARY_VECTOR_RECEIVED, 41859
2018.09.16.14.59.44, SUMMARY_VECTOR_RECEIVED, 30259
2018.09.16.14.59.48, CHECKING OLD LOG FILES IF ANY
2018.09.16.14.59.48, DEBUG Controller MISSING FILE START DOWNLOAD ff255dbd1ee17fcd33dadf784c14607b_v7318831572_volunteer_50_12.diff -1.0
2018.09.16.14.59.48, DEBUG Controller MISSING FILE START DOWNLOAD MapDisarm_Log_7100000001_20180916145930.txt 9.999999999999998E13
2018.09.16.14.59.48, START_FILE_DOWNLOAD, b3a80a52ac8df3bcc4ceb2a2da5d4e, ff255dbd1ee17fcd33dadf784c14607b_v7318831572_volunteer_50_12.diff, 0, 1682.0, 7318831572
2018.09.16.14.59.49, STOP_FILE_DOWNLOAD, b3a80a52ac8df3bcc4ceb2a2da5d4e, ff255dbd1ee17fcd33dadf784c14607b_v7318831572_volunteer_50_12.diff, 1682, 1682.0, 7318831572
2018.09.16.14.59.49, START_FILE_DOWNLOAD, da75e6c925c60ad89c075b68c38ce9c, ff255dbd1ee17fcd33dadf784c14607b_v7318831572_volunteer_50_11.diff, 0, 1620.0, 192.168.43.235
2018.09.16.14.59.49, STOP_FILE_DOWNLOAD, da75e6c925c60ad89c075b68c38ce9c, ff255dbd1ee17fcd33dadf784c14607b_v7318831572_volunteer_50_11.diff, 1620, 1620.0, 192.168.43.235
2018.09.16.14.59.49, START_FILE_DOWNLOAD, e98e446126e2a08fa6c769fd66f1816, ff255dbd1ee17fcd33dadf784c14607b_v7318831572_volunteer_50_505a74998697e13b.png, 0, 82526.0, 192.168.43.235
2018.09.16.14.59.49, STOP_FILE_DOWNLOAD, e98e446126e2a08fa6c769fd66f1816, ff255dbd1ee17fcd33dadf784c14607b_v7318831572_volunteer_50_505a74998697e13b.png, 82526, 82526.0, 192.168.43.235
2018.09.16.14.59.49, START_FILE_DOWNLOAD, d16e1fe1f76e09f97ce35f6097bc9f, MapDisarm_Log_7100000001_20180916145930.txt, 0, 1094.0, 7100000001
2018.09.16.14.59.49, STOP_FILE_DOWNLOAD, d16e1fe1f76e09f97ce35f6097bc9f, MapDisarm_Log_7100000001_20180916145930.txt, 1094, 1094.0, 7100000001
2018.09.16.14.59.53, REMOVING LOGMapDisarm_Log_7100000001_20180916145910.txt
2018.09.16.14.59.53, KEEPING LOGMapDisarm_Log_7100000001_20180916145930.txt
2018.09.16.14.59.53, CHECKING OLD LOG FILES IF ANY
2018.09.16.14.59.53, CHECKING OLD LOG FILES IF ANY
2018.09.16.14.59.58, CHECKING OLD LOG FILES IF ANY
2018.09.16.15.00.03, CHECKING OLD LOG FILES IF ANY
2018.09.16.15.00.04, SUMMARY_VECTOR_RECEIVED, 42229
2018.09.16.15.00.04, SUMMARY_VECTOR_RECEIVED, 30263
2018.09.16.15.00.04, SUMMARY_VECTOR_RECEIVED, 42224
2018.09.16.15.00.08, CHECKING OLD LOG FILES IF ANY
2018.09.16.15.00.08, CHECKING OLD LOG FILES IF ANY
2018.09.16.15.00.08, DEBUG Controller MISSING FILE START DOWNLOAD MapDisarm_Log_7100000001_20180916145950.txt 9.999999999999998E13
2018.09.16.15.00.09, START_FILE_DOWNLOAD, 4f12ecfd3879c4c53b38493bdbf03ab3, MapDisarm_Log_7100000001_20180916145950.txt, 0, 1144.0, 7100000001
2018.09.16.15.00.09, STOP_FILE_DOWNLOAD, 4f12ecfd3879c4c53b38493bdbf03ab3, MapDisarm_Log_7100000001_20180916145950.txt, 1144, 1144.0, 7100000001
2018.09.16.15.00.13, REMOVING LOGMapDisarm_Log_7100000001_20180916145930.txt
2018.09.16.15.00.13, KEEPING LOGMapDisarm_Log_7100000001_20180916145950.txt
2018.09.16.15.00.13, CHECKING OLD LOG FILES IF ANY
2018.09.16.15.00.13, CHECKING OLD LOG FILES IF ANY
2018.09.16.15.00.18, CHECKING OLD LOG FILES IF ANY
2018.09.16.15.00.18, CHECKING OLD LOG FILES IF ANY
2018.09.16.15.00.23, CHECKING OLD LOG FILES IF ANY
2018.09.16.15.00.23, CHECKING OLD LOG FILES IF ANY
2018.09.16.15.00.24, SUMMARY_VECTOR_RECEIVED, 42598
2018.09.16.15.00.24, SUMMARY_VECTOR_RECEIVED, 30261
2018.09.16.15.00.24, SUMMARY_VECTOR_RECEIVED, 42603
2018.09.16.15.00.28, CHECKING OLD LOG FILES IF ANY
2018.09.16.15.00.28, DEBUG Controller MISSING FILE START DOWNLOAD MapDisarm_Log_7100000001_20180916150011.txt 9.999999999999998E13
2018.09.16.15.00.29, START_FILE_DOWNLOAD, 68e4c311beda9c3b8f4dd2d9cc5552b, MapDisarm_Log_7100000001_20180916150011.txt, 0, 1194.0, 7100000001
2018.09.16.15.00.29, STOP_FILE_DOWNLOAD, 68e4c311beda9c3b8f4dd2d9cc5552b, MapDisarm_Log_7100000001_20180916150011.txt, 1194, 1194.0, 7100000001
2018.09.16.15.00.34, REMOVING LOGMapDisarm_Log_7100000001_20180916145950.txt
2018.09.16.15.00.34, KEEPING LOGMapDisarm_Log_7100000001_20180916150011.txt
2018.09.16.15.00.34, CHECKING OLD LOG FILES IF ANY
2018.09.16.15.00.34, CHECKING OLD LOG FILES IF ANY
2018.09.16.15.00.39, CHECKING OLD LOG FILES IF ANY
2018.09.16.15.00.44, CHECKING OLD LOG FILES IF ANY
2018.09.16.15.00.44, SUMMARY_VECTOR_RECEIVED, 30263
2018.09.16.15.00.44, SUMMARY_VECTOR_RECEIVED, 42970
2018.09.16.15.00.44, SUMMARY_VECTOR_RECEIVED, 42975
2018.09.16.15.00.49, CHECKING OLD LOG FILES IF ANY
2018.09.16.15.00.49, CHECKING OLD LOG FILES IF ANY
2018.09.16.15.00.49, DEBUG Controller MISSING FILE START DOWNLOAD MapDisarm_Log_7100000001_20180916150031.txt 9.999999999999998E13
2018.09.16.15.00.49, START_FILE_DOWNLOAD, 1f767f8f6584c71df421b838afc9e34f, MapDisarm_Log_7100000001_20180916150031.txt, 0, 1244.0, 7100000001
2018.09.16.15.00.49, STOP_FILE_DOWNLOAD, 1f767f8f6584c71df421b838afc9e34f, MapDisarm_Log_7100000001_20180916150031.txt, 1244, 1244.0, 7100000001
2018.09.16.15.00.54, KEEPING LOGMapDisarm_Log_7100000001_20180916150031.txt
2018.09.16.15.00.54, REMOVING LOGMapDisarm_Log_7100000001_20180916150011.txt
2018.09.16.15.00.54, CHECKING OLD LOG FILES IF ANY
2018.09.16.15.00.54, CHECKING OLD LOG FILES IF ANY
2018.09.16.15.00.59, CHECKING OLD LOG FILES IF ANY
2018.09.16.15.00.59, CHECKING OLD LOG FILES IF ANY
2018.09.16.15.01.04, CHECKING OLD LOG FILES IF ANY
2018.09.16.15.01.04, CHECKING OLD LOG FILES IF ANY
2018.09.16.15.01.04, SUMMARY_VECTOR_RECEIVED, 43344
2018.09.16.15.01.04, SUMMARY_VECTOR_RECEIVED, 30263
2018.09.16.15.01.04, SUMMARY_VECTOR_RECEIVED, 43349
2018.09.16.15.01.09, CHECKING OLD LOG FILES IF ANY
2018.09.16.15.01.09, CHECKING OLD LOG FILES IF ANY
2018.09.16.15.01.09, DEBUG Controller MISSING FILE START DOWNLOAD MapDisarm_Log_7100000001_20180916150051.txt 9.999999999999998E13
2018.09.16.15.01.09, START_FILE_DOWNLOAD, 42f8fe23436278b8ca9e4d4f4fc8706b, MapDisarm_Log_7100000001_20180916150051.txt, 0, 1294.0, 7100000001
2018.09.16.15.01.09, STOP_FILE_DOWNLOAD, 42f8fe23436278b8ca9e4d4f4fc8706b, MapDisarm_Log_7100000001_20180916150051.txt, 1294, 1294.0, 7100000001
2018.09.16.15.01.14, REMOVING LOGMapDisarm_Log_7100000001_20180916150031.txt
2018.09.16.15.01.14, KEEPING LOGMapDisarm_Log_7100000001_20180916150051.txt
2018.09.16.15.01.14, CHECKING OLD LOG FILES IF ANY
2018.09.16.15.01.14, CHECKING OLD LOG FILES IF ANY
2018.09.16.15.01.19, CHECKING OLD LOG FILES IF ANY
2018.09.16.15.01.19, CHECKING OLD LOG FILES IF ANY
2018.09.16.15.01.24, CHECKING OLD LOG FILES IF ANY
2018.09.16.15.01.24, CHECKING OLD LOG FILES IF ANY
2018.09.16.15.01.24, SUMMARY_VECTOR_RECEIVED, 30263
2018.09.16.15.01.24, SUMMARY_VECTOR_RECEIVED, 43718
2018.09.16.15.01.24, SUMMARY_VECTOR_RECEIVED, 43723
2018.09.16.15.01.29, CHECKING OLD LOG FILES IF ANY
2018.09.16.15.01.29, CHECKING OLD LOG FILES IF ANY
2018.09.16.15.01.29, DEBUG Controller MISSING FILE START DOWNLOAD MapDisarm_Log_7100000001_20180916150111.txt 9.999999999999998E13
2018.09.16.15.01.29, START_FILE_DOWNLOAD, 88421cfee4ad175d9d703aa9205743f0, MapDisarm_Log_7100000001_20180916150111.txt, 0, 1344.0, 7100000001
2018.09.16.15.01.29, STOP_FILE_DOWNLOAD, 88421cfee4ad175d9d703aa9205743f0, MapDisarm_Log_7100000001_20180916150111.txt, 1344, 1344.0, 7100000001
2018.09.16.15.01.34, KEEPING LOGMapDisarm_Log_7100000001_20180916150111.txt
2018.09.16.15.01.34, REMOVING LOGMapDisarm_Log_7100000001_20180916150051.txt
2018.09.16.15.01.34, CHECKING OLD LOG FILES IF ANY
2018.09.16.15.01.34, CHECKING OLD LOG FILES IF ANY
2018.09.16.15.01.39, CHECKING OLD LOG FILES IF ANY
2018.09.16.15.01.39, CHECKING OLD LOG FILES IF ANY
2018.09.16.15.01.44, CHECKING OLD LOG FILES IF ANY
2018.09.16.15.01.44, CHECKING OLD LOG FILES IF ANY
2018.09.16.15.01.44, SUMMARY_VECTOR_RECEIVED, 30263
2018.09.16.15.01.44, SUMMARY_VECTOR_RECEIVED, 44097
2018.09.16.15.01.44, SUMMARY_VECTOR_RECEIVED, 44092
2018.09.16.15.01.49, CHECKING OLD LOG FILES IF ANY
2018.09.16.15.01.49, CHECKING OLD LOG FILES IF ANY
2018.09.16.15.01.49, DEBUG Controller MISSING FILE START DOWNLOAD MapDisarm_Log_7100000001_20180916150131.txt 9.999999999999998E13
2018.09.16.15.01.49, START_FILE_DOWNLOAD, 71f2e876e4c027c3ab898fdf9cf739ec, MapDisarm_Log_7100000001_20180916150131.txt, 0, 1394.0, 7100000001
2018.09.16.15.01.49, STOP_FILE_DOWNLOAD, 71f2e876e4c027c3ab898fdf9cf739ec, MapDisarm_Log_7100000001_20180916150131.txt, 1394, 1394.0, 7100000001
2018.09.16.15.01.54, KEEPING LOGMapDisarm_Log_7100000001_20180916150131.txt
2018.09.16.15.01.54, REMOVING LOGMapDisarm_Log_7100000001_20180916150111.txt
2018.09.16.15.01.54, CHECKING OLD LOG FILES IF ANY
2018.09.16.15.01.54, CHECKING OLD LOG FILES IF ANY
2018.09.16.15.01.59, CHECKING OLD LOG FILES IF ANY
2018.09.16.15.01.59, CHECKING OLD LOG FILES IF ANY
2018.09.16.15.02.04, CHECKING OLD LOG FILES IF ANY
2018.09.16.15.02.04, CHECKING OLD LOG FILES IF ANY
2018.09.16.15.02.04, SUMMARY_VECTOR_RECEIVED, 44466
2018.09.16.15.02.04, SUMMARY_VECTOR_RECEIVED, 30261
2018.09.16.15.02.04, SUMMARY_VECTOR_RECEIVED, 44471
2018.09.16.15.02.09, CHECKING OLD LOG FILES IF ANY
2018.09.16.15.02.09, CHECKING OLD LOG FILES IF ANY
2018.09.16.15.02.09, DEBUG Controller MISSING FILE START DOWNLOAD MapDisarm_Log_7100000001_20180916150151.txt 9.999999999999998E13
2018.09.16.15.02.09, START_FILE_DOWNLOAD, 5ebb6c8282baff4097e52acdf15ca82, MapDisarm_Log_7100000001_20180916150151.txt, 0, 1444.0, 7100000001
2018.09.16.15.02.09, STOP_FILE_DOWNLOAD, 5ebb6c8282baff4097e52acdf15ca82, MapDisarm_Log_7100000001_20180916150151.txt, 1444, 1444.0, 7100000001
2018.09.16.15.02.14, REMOVING LOGMapDisarm_Log_7100000001_20180916150131.txt
2018.09.16.15.02.14, KEEPING LOGMapDisarm_Log_7100000001_20180916150151.txt
2018.09.16.15.02.14, CHECKING OLD LOG FILES IF ANY
2018.09.16.15.02.14, CHECKING OLD LOG FILES IF ANY
2018.09.16.15.02.19, CHECKING OLD LOG FILES IF ANY
2018.09.16.15.02.19, CHECKING OLD LOG FILES IF ANY
2018.09.16.15.02.24, CHECKING OLD LOG FILES IF ANY
2018.09.16.15.02.24, CHECKING OLD LOG FILES IF ANY
2018.09.16.15.02.24, SUMMARY_VECTOR_RECEIVED, 30261
2018.09.16.15.02.24, SUMMARY_VECTOR_RECEIVED, 44843
2018.09.16.15.02.24, SUMMARY_VECTOR_RECEIVED, 44838
2018.09.16.15.02.29, CHECKING OLD LOG FILES IF ANY
2018.09.16.15.02.29, CHECKING OLD LOG FILES IF ANY
2018.09.16.15.02.29, DEBUG Controller MISSING FILE START DOWNLOAD MapDisarm_Log_7100000001_20180916150211.txt 9.999999999999998E13
2018.09.16.15.02.29, START_FILE_DOWNLOAD, f97a8b9f29251fcd95deb14a46e3346, MapDisarm_Log_7100000001_20180916150211.txt, 0, 1493.0, 7100000001
2018.09.16.15.02.29, STOP_FILE_DOWNLOAD, f97a8b9f29251fcd95deb14a46e3346, MapDisarm_Log_7100000001_20180916150211.txt, 1493, 1493.0, 7100000001
2018.09.16.15.02.34, REMOVING LOGMapDisarm_Log_7100000001_20180916150151.txt
2018.09.16.15.02.34, KEEPING LOGMapDisarm_Log_7100000001_20180916150211.txt
2018.09.16.15.02.34, CHECKING OLD LOG FILES IF ANY
2018.09.16.15.02.34, CHECKING OLD LOG FILES IF ANY
2018.09.16.15.02.39, CHECKING OLD LOG FILES IF ANY
2018.09.16.15.02.39, CHECKING OLD LOG FILES IF ANY
2018.09.16.15.02.44, CHECKING OLD LOG FILES IF ANY
2018.09.16.15.02.44, CHECKING OLD LOG FILES IF ANY
2018.09.16.15.02.44, SUMMARY_VECTOR_RECEIVED, 30259
2018.09.16.15.02.44, SUMMARY_VECTOR_RECEIVED, 45210
2018.09.16.15.02.44, SUMMARY_VECTOR_RECEIVED, 45215
2018.09.16.15.02.49, CHECKING OLD LOG FILES IF ANY
2018.09.16.15.02.49, CHECKING OLD LOG FILES IF ANY
2018.09.16.15.02.49, DEBUG Controller MISSING FILE START DOWNLOAD MapDisarm_Log_7100000001_20180916150231.txt 9.999999999999998E13
2018.09.16.15.02.49, START_FILE_DOWNLOAD, 3defb039736cf6a397b1d83150abdf, MapDisarm_Log_7100000001_20180916150231.txt, 0, 1543.0, 7100000001
2018.09.16.15.02.49, STOP_FILE_DOWNLOAD, 3defb039736cf6a397b1d83150abdf, MapDisarm_Log_7100000001_20180916150231.txt, 1543, 1543.0, 7100000001
2018.09.16.15.02.54, REMOVING LOGMapDisarm_Log_7100000001_20180916150211.txt
2018.09.16.15.02.54, KEEPING LOGMapDisarm_Log_7100000001_20180916150231.txt
2018.09.16.15.02.54, CHECKING OLD LOG FILES IF ANY
2018.09.16.15.02.54, CHECKING OLD LOG FILES IF ANY
2018.09.16.15.02.59, CHECKING OLD LOG FILES IF ANY
2018.09.16.15.02.59, CHECKING OLD LOG FILES IF ANY
2018.09.16.15.03.04, CHECKING OLD LOG FILES IF ANY
2018.09.16.15.03.04, CHECKING OLD LOG FILES IF ANY
2018.09.16.15.03.04, SUMMARY_VECTOR_RECEIVED, 30261
2018.09.16.15.03.04, SUMMARY_VECTOR_RECEIVED, 45585
2018.09.16.15.03.04, SUMMARY_VECTOR_RECEIVED, 45577
2018.09.16.15.03.09, CHECKING OLD LOG FILES IF ANY
2018.09.16.15.03.09, CHECKING OLD LOG FILES IF ANY
2018.09.16.15.03.09, DEBUG Controller MISSING FILE START DOWNLOAD MapDisarm_Log_7100000001_20180916150251.txt 9.999999999999998E13
2018.09.16.15.03.09, START_FILE_DOWNLOAD, 3a9b64354fcd42764876eaa2c60644d, MapDisarm_Log_7100000001_20180916150251.txt, 0, 1593.0, 7100000001
2018.09.16.15.03.09, STOP_FILE_DOWNLOAD, 3a9b64354fcd42764876eaa2c60644d, MapDisarm_Log_7100000001_20180916150251.txt, 1593, 1593.0, 7100000001
2018.09.16.15.03.14, KEEPING LOGMapDisarm_Log_7100000001_20180916150251.txt
2018.09.16.15.03.14, REMOVING LOGMapDisarm_Log_7100000001_20180916150231.txt
2018.09.16.15.03.14, CHECKING OLD LOG FILES IF ANY
2018.09.16.15.03.14, CHECKING OLD LOG FILES IF ANY
2018.09.16.15.03.19, CHECKING OLD LOG FILES IF ANY
2018.09.16.15.03.19, CHECKING OLD LOG FILES IF ANY
2018.09.16.15.03.23, PEER_LOST, 7100000001, 192.168.43.246
2018.09.16.15.03.24, CHECKING OLD LOG FILES IF ANY
2018.09.16.15.03.24, CHECKING OLD LOG FILES IF ANY
2018.09.16.15.03.24, SUMMARY_VECTOR_RECEIVED, 45957
2018.09.16.15.03.24, SUMMARY_VECTOR_RECEIVED, 45949
2018.09.16.15.03.28, PEER_DISCOVERED, 7100000001, 192.168.43.246
2018.09.16.15.03.29, CHECKING OLD LOG FILES IF ANY
2018.09.16.15.03.29, SUMMARY_VECTOR_RECEIVED, 30261
2018.09.16.15.03.34, CHECKING OLD LOG FILES IF ANY
2018.09.16.15.03.34, CHECKING OLD LOG FILES IF ANY
2018.09.16.15.03.34, DEBUG Controller MISSING FILE START DOWNLOAD MapDisarm_Log_7100000001_20180916150310.txt 9.999999999999998E13
2018.09.16.15.03.38, PEER_LOST, 7100000001, 192.168.43.246
2018.09.16.15.03.39, CHECKING OLD LOG FILES IF ANY
2018.09.16.15.03.44, CHECKING OLD LOG FILES IF ANY
2018.09.16.15.03.44, SUMMARY_VECTOR_RECEIVED, 46321
2018.09.16.15.03.44, SUMMARY_VECTOR_RECEIVED, 46329
2018.09.16.15.03.48, PEER_DISCOVERED, 7100000001, 192.168.43.246
2018.09.16.15.03.49, SUMMARY_VECTOR_RECEIVED, 30261
2018.09.16.15.03.54, CHECKING OLD LOG FILES IF ANY
2018.09.16.15.03.54, DEBUG Controller MISSING FILE START DOWNLOAD MapDisarm_Log_7100000001_20180916150310.txt 9.999999999999998E13
2018.09.16.15.04.01, PEER_LOST, 7100000001, 192.168.43.246
2018.09.16.15.04.04, SUMMARY_VECTOR_RECEIVED, 46329
2018.09.16.15.04.04, SUMMARY_VECTOR_RECEIVED, 46698
2018.09.16.15.04.09, CHECKING OLD LOG FILES IF ANY
2018.09.16.15.04.09, DEBUG Controller MISSING FILE START DOWNLOAD MapDisarm_Log_7100000001_20180916150348.txt 9.999999999999998E13
2018.09.16.15.04.09, START_FILE_DOWNLOAD, 2575fdf4e99d47a7b8312ca598c8f183, MapDisarm_Log_7100000001_20180916150348.txt, 0, 1743.0, 9674209816
2018.09.16.15.04.09, STOP_FILE_DOWNLOAD, 2575fdf4e99d47a7b8312ca598c8f183, MapDisarm_Log_7100000001_20180916150348.txt, 1743, 1743.0, 9674209816
2018.09.16.15.04.09, PEER_DISCOVERED, 7100000001, 192.168.43.246
2018.09.16.15.04.14, KEEPING LOGMapDisarm_Log_7100000001_20180916150348.txt
2018.09.16.15.04.14, REMOVING LOGMapDisarm_Log_7100000001_20180916150251.txt
2018.09.16.15.04.14, CHECKING OLD LOG FILES IF ANY
2018.09.16.15.04.14, CHECKING OLD LOG FILES IF ANY
2018.09.16.15.04.14, SUMMARY_VECTOR_RECEIVED, 30263
2018.09.16.15.04.19, CHECKING OLD LOG FILES IF ANY
2018.09.16.15.04.23, PEER_LOST, 7100000001, 192.168.43.246
2018.09.16.15.04.24, CHECKING OLD LOG FILES IF ANY
2018.09.16.15.04.24, SUMMARY_VECTOR_RECEIVED, 46695
2018.09.16.15.04.24, SUMMARY_VECTOR_RECEIVED, 46703
2018.09.16.15.04.30, PEER_DISCOVERED, 7100000001, 192.168.43.246
2018.09.16.15.04.34, SUMMARY_VECTOR_RECEIVED, 30263
2018.09.16.15.04.39, CHECKING OLD LOG FILES IF ANY
2018.09.16.15.04.39, DEBUG Controller MISSING FILE START DOWNLOAD MapDisarm_Log_7100000001_20180916150413.txt 9.999999999999998E13
2018.09.16.15.04.43, PEER_LOST, 7100000001, 192.168.43.246
2018.09.16.15.04.44, SUMMARY_VECTOR_RECEIVED, 47069
2018.09.16.15.04.44, SUMMARY_VECTOR_RECEIVED, 47077
2018.09.16.15.04.45, PEER_DISCOVERED, 7100000001, 192.168.43.246
2018.09.16.15.04.49, SUMMARY_VECTOR_RECEIVED, 30263
2018.09.16.15.04.54, CHECKING OLD LOG FILES IF ANY
2018.09.16.15.04.54, DEBUG Controller MISSING FILE START DOWNLOAD MapDisarm_Log_7100000001_20180916150433.txt 9.999999999999998E13
2018.09.16.15.05.04, SUMMARY_VECTOR_RECEIVED, 47443
2018.09.16.15.05.04, SUMMARY_VECTOR_RECEIVED, 47451
2018.09.16.15.05.04, SUMMARY_VECTOR_RECEIVED, 30263
2018.09.16.15.05.09, CHECKING OLD LOG FILES IF ANY
2018.09.16.15.05.09, CHECKING OLD LOG FILES IF ANY
2018.09.16.15.05.09, DEBUG Controller MISSING FILE START DOWNLOAD MapDisarm_Log_7100000001_20180916150433.txt 9.999999999999998E13
2018.09.16.15.05.09, PEER_LOST, 7100000001, 192.168.43.246
2018.09.16.15.05.09, PEER_DISCOVERED, 7100000001, 192.168.43.246
2018.09.16.15.05.23, PEER_LOST, 7100000001, 192.168.43.246
2018.09.16.15.05.24, SUMMARY_VECTOR_RECEIVED, 47451
2018.09.16.15.05.24, SUMMARY_VECTOR_RECEIVED, 47817
2018.09.16.15.05.29, CHECKING OLD LOG FILES IF ANY
2018.09.16.15.05.29, CHECKING OLD LOG FILES IF ANY
2018.09.16.15.05.29, DEBUG Controller MISSING FILE START DOWNLOAD MapDisarm_Log_7100000001_20180916150454.txt 9.999999999999998E13
2018.09.16.15.05.29, DEBUG Controller MISSING FILE START DOWNLOAD MapDisarm_Log_7100000001_20180916150433.txt 9.999999999999998E13
2018.09.16.15.05.29, START_FILE_DOWNLOAD, 1546f28b64192ff7ee4f4a54bccffad7, MapDisarm_Log_7100000001_20180916150433.txt, 0, 1842.0, 7318831572
2018.09.16.15.05.29, STOP_FILE_DOWNLOAD, 1546f28b64192ff7ee4f4a54bccffad7, MapDisarm_Log_7100000001_20180916150433.txt, 1842, 1842.0, 7318831572
2018.09.16.15.05.29, START_FILE_DOWNLOAD, 2ca01bfc66ef2c61df8cf57a3f1d93e2, MapDisarm_Log_7100000001_20180916150454.txt, 0, 1892.0, 9674209816
2018.09.16.15.05.29, STOP_FILE_DOWNLOAD, 2ca01bfc66ef2c61df8cf57a3f1d93e2, MapDisarm_Log_7100000001_20180916150454.txt, 1892, 1892.0, 9674209816
2018.09.16.15.05.32, PEER_DISCOVERED, 7100000001, 192.168.43.246
2018.09.16.15.05.34, REMOVING LOGMapDisarm_Log_7100000001_20180916150348.txt
2018.09.16.15.05.34, REMOVING LOGMapDisarm_Log_7100000001_20180916150433.txt
2018.09.16.15.05.34, KEEPING LOGMapDisarm_Log_7100000001_20180916150454.txt
2018.09.16.15.05.39, SUMMARY_VECTOR_RECEIVED, 30259
2018.09.16.15.05.42, PEER_LOST, 7100000001, 192.168.43.246
2018.09.16.15.05.44, SUMMARY_VECTOR_RECEIVED, 47825
2018.09.16.15.05.44, SUMMARY_VECTOR_RECEIVED, 47817
2018.09.16.15.05.44, PEER_DISCOVERED, 7100000001, 192.168.43.246
2018.09.16.15.05.49, SUMMARY_VECTOR_RECEIVED, 30259
2018.09.16.15.05.54, CHECKING OLD LOG FILES IF ANY
2018.09.16.15.05.54, DEBUG Controller MISSING FILE START DOWNLOAD MapDisarm_Log_7100000001_20180916150531.txt 9.999999999999998E13
2018.09.16.15.06.02, PEER_LOST, 7100000001, 192.168.43.246
2018.09.16.15.06.04, SUMMARY_VECTOR_RECEIVED, 48195
2018.09.16.15.06.04, SUMMARY_VECTOR_RECEIVED, 48187
2018.09.16.15.06.09, CHECKING OLD LOG FILES IF ANY
2018.09.16.15.06.09, CHECKING OLD LOG FILES IF ANY
2018.09.16.15.06.09, DEBUG Controller MISSING FILE START DOWNLOAD MapDisarm_Log_7100000001_20180916150531.txt 9.999999999999998E13
2018.09.16.15.06.09, START_FILE_DOWNLOAD, da3d6183ed81f8f9ade97d79df47b6, MapDisarm_Log_7100000001_20180916150531.txt, 0, 1992.0, 9674209816
2018.09.16.15.06.09, STOP_FILE_DOWNLOAD, da3d6183ed81f8f9ade97d79df47b6, MapDisarm_Log_7100000001_20180916150531.txt, 1992, 1992.0, 9674209816
2018.09.16.15.06.14, REMOVING LOGMapDisarm_Log_7100000001_20180916150454.txt
2018.09.16.15.06.14, KEEPING LOGMapDisarm_Log_7100000001_20180916150531.txt
2018.09.16.15.06.24, SUMMARY_VECTOR_RECEIVED, 48187
2018.09.16.15.06.24, SUMMARY_VECTOR_RECEIVED, 48195
2018.09.16.15.06.44, SUMMARY_VECTOR_RECEIVED, 48195
2018.09.16.15.06.44, SUMMARY_VECTOR_RECEIVED, 48187
2018.09.16.15.07.03, PEER_LOST, 9674209816, 192.168.43.197
2018.09.16.15.07.04, SUMMARY_VECTOR_RECEIVED, 48195
2018.09.16.15.07.12, PEER_LOST, 7318831572, 192.168.43.235
2018.09.16.15.08.24, PEER_DISCOVERED, null, 192.168.43.235
2018.09.16.15.08.24, SUMMARY_VECTOR_RECEIVED, 48189
2018.09.16.15.08.34, PEER_LOST, null, 192.168.43.235
2018.09.16.15.08.41, PEER_DISCOVERED, null, 192.168.43.235
2018.09.16.15.08.44, SUMMARY_VECTOR_RECEIVED, 48189
2018.09.16.15.09.04, SUMMARY_VECTOR_RECEIVED, 48189
2018.09.16.15.09.24, SUMMARY_VECTOR_RECEIVED, 48189
2018.09.16.15.09.44, SUMMARY_VECTOR_RECEIVED, 48189
2018.09.16.15.10.04, SUMMARY_VECTOR_RECEIVED, 48189
2018.09.16.15.10.24, SUMMARY_VECTOR_RECEIVED, 48189
2018.09.16.15.10.44, SUMMARY_VECTOR_RECEIVED, 48189
2018.09.16.15.11.04, SUMMARY_VECTOR_RECEIVED, 48189
2018.09.16.15.11.24, PEER_DISCOVERED, 7100000001, 192.168.43.246
2018.09.16.15.11.24, SUMMARY_VECTOR_RECEIVED, 30259
2018.09.16.15.11.24, SUMMARY_VECTOR_RECEIVED, 48189
2018.09.16.15.11.29, CHECKING OLD LOG FILES IF ANY
2018.09.16.15.11.29, DEBUG Controller MISSING FILE START DOWNLOAD MapDisarm_Log_7100000001_20180916151042.txt 9.999999999999998E13
2018.09.16.15.11.33, PEER_LOST, null, 192.168.43.235
2018.09.16.15.11.37, PEER_LOST, 7100000001, 192.168.43.246
2018.09.16.15.12.32, PEER_DISCOVERED, null, 192.168.43.235
2018.09.16.15.12.35, SUMMARY_VECTOR_RECEIVED, 48189
2018.09.16.15.12.42, PEER_LOST, null, 192.168.43.235
2018.09.16.15.12.43, PEER_DISCOVERED, null, 192.168.43.235
2018.09.16.15.12.44, SUMMARY_VECTOR_RECEIVED, 48189
2018.09.16.15.13.04, SUMMARY_VECTOR_RECEIVED, 48189
2018.09.16.15.13.15, PEER_LOST, null, 192.168.43.235
2018.09.16.15.13.30, PEER_DISCOVERED, null, 192.168.43.235
2018.09.16.15.13.35, SUMMARY_VECTOR_RECEIVED, 48189
2018.09.16.15.13.41, PEER_LOST, null, 192.168.43.235
2018.09.16.15.13.46, PEER_DISCOVERED, null, 192.168.43.235
2018.09.16.15.13.55, SUMMARY_VECTOR_RECEIVED, 48189
2018.09.16.15.14.05, SUMMARY_VECTOR_RECEIVED, 48189
2018.09.16.15.14.06, PEER_LOST, null, 192.168.43.235
2018.09.16.15.15.07, PEER_DISCOVERED, null, 192.168.43.235
2018.09.16.15.15.10, SUMMARY_VECTOR_RECEIVED, 48189
2018.09.16.15.15.18, PEER_LOST, null, 192.168.43.235
2018.09.16.15.15.38, PEER_DISCOVERED, null, 192.168.43.235
2018.09.16.15.15.40, SUMMARY_VECTOR_RECEIVED, 48189
2018.09.16.15.15.45, SUMMARY_VECTOR_RECEIVED, 48189
2018.09.16.15.15.49, PEER_LOST, null, 192.168.43.235
2018.09.16.15.16.49, PEER_DISCOVERED, null, 192.168.43.235
2018.09.16.15.16.54, SUMMARY_VECTOR_RECEIVED, 48189
2018.09.16.15.17.04, SUMMARY_VECTOR_RECEIVED, 48189
2018.09.16.15.17.24, PEER_LOST, null, 192.168.43.235
2018.09.16.15.17.53, PEER_DISCOVERED, null, 192.168.43.235
2018.09.16.15.17.55, SUMMARY_VECTOR_RECEIVED, 48189
2018.09.16.15.18.04, PEER_LOST, null, 192.168.43.235
2018.09.16.15.18.04, PEER_DISCOVERED, null, 192.168.43.235
2018.09.16.15.18.05, SUMMARY_VECTOR_RECEIVED, 48189
2018.09.16.15.18.15, PEER_LOST, null, 192.168.43.235
2018.09.16.15.18.16, PEER_DISCOVERED, null, 192.168.43.235
2018.09.16.15.18.35, PEER_LOST, null, 192.168.43.235
2018.09.16.15.19.11, PEER_DISCOVERED, null, 192.168.43.235
2018.09.16.15.19.15, SUMMARY_VECTOR_RECEIVED, 48189
2018.09.16.15.19.21, PEER_LOST, null, 192.168.43.235
2018.09.16.15.19.22, PEER_DISCOVERED, null, 192.168.43.235
2018.09.16.15.19.25, SUMMARY_VECTOR_RECEIVED, 48189
2018.09.16.15.19.33, PEER_LOST, null, 192.168.43.235
2018.09.16.15.19.54, PEER_DISCOVERED, null, 192.168.43.235
2018.09.16.15.19.54, SUMMARY_VECTOR_RECEIVED, 48189
2018.09.16.15.20.04, SUMMARY_VECTOR_RECEIVED, 48189
2018.09.16.15.20.24, SUMMARY_VECTOR_RECEIVED, 48189
2018.09.16.15.20.44, SUMMARY_VECTOR_RECEIVED, 48189
2018.09.16.15.21.04, SUMMARY_VECTOR_RECEIVED, 48189
2018.09.16.15.21.25, SUMMARY_VECTOR_RECEIVED, 48189
2018.09.16.15.21.41, PEER_DISCOVERED, 7100000001, 192.168.43.246
2018.09.16.15.21.44, SUMMARY_VECTOR_RECEIVED, 48189
2018.09.16.15.21.44, SUMMARY_VECTOR_RECEIVED, 30263
2018.09.16.15.21.49, CHECKING OLD LOG FILES IF ANY
2018.09.16.15.21.49, DEBUG Controller MISSING FILE START DOWNLOAD MapDisarm_Log_7100000001_20180916152141.txt 9.999999999999998E13
2018.09.16.15.21.50, START_FILE_DOWNLOAD, 4688e5b8c3f6cabab2ffb1c51abe97c1, MapDisarm_Log_7100000001_20180916152141.txt, 0, 4325.0, 7100000001
2018.09.16.15.21.50, STOP_FILE_DOWNLOAD, 4688e5b8c3f6cabab2ffb1c51abe97c1, MapDisarm_Log_7100000001_20180916152141.txt, 4325, 4325.0, 7100000001
2018.09.16.15.21.54, PEER_LOST, 7100000001, 192.168.43.246
2018.09.16.15.21.54, KEEPING LOGMapDisarm_Log_7100000001_20180916152141.txt
2018.09.16.15.21.54, REMOVING LOGMapDisarm_Log_7100000001_20180916150531.txt
2018.09.16.15.21.54, CHECKING OLD LOG FILES IF ANY
2018.09.16.15.22.04, SUMMARY_VECTOR_RECEIVED, 48193
2018.09.16.15.22.24, SUMMARY_VECTOR_RECEIVED, 48193
2018.09.16.15.22.45, SUMMARY_VECTOR_RECEIVED, 48193
2018.09.16.15.23.04, SUMMARY_VECTOR_RECEIVED, 48193
2018.09.16.15.23.24, SUMMARY_VECTOR_RECEIVED, 48193
2018.09.16.15.23.45, SUMMARY_VECTOR_RECEIVED, 48193
2018.09.16.15.24.05, SUMMARY_VECTOR_RECEIVED, 48193
2018.09.16.15.24.25, SUMMARY_VECTOR_RECEIVED, 48193
2018.09.16.15.24.45, SUMMARY_VECTOR_RECEIVED, 48193
2018.09.16.15.25.05, SUMMARY_VECTOR_RECEIVED, 48193
2018.09.16.15.25.25, SUMMARY_VECTOR_RECEIVED, 48193
2018.09.16.15.25.45, SUMMARY_VECTOR_RECEIVED, 48193
2018.09.16.15.26.05, SUMMARY_VECTOR_RECEIVED, 48193
2018.09.16.15.26.25, SUMMARY_VECTOR_RECEIVED, 48193
2018.09.16.15.26.45, SUMMARY_VECTOR_RECEIVED, 48193
2018.09.16.15.27.05, SUMMARY_VECTOR_RECEIVED, 48193
2018.09.16.15.27.25, SUMMARY_VECTOR_RECEIVED, 48193
2018.09.16.15.27.45, SUMMARY_VECTOR_RECEIVED, 48193
2018.09.16.15.28.05, SUMMARY_VECTOR_RECEIVED, 48193
2018.09.16.15.28.25, SUMMARY_VECTOR_RECEIVED, 48193
2018.09.16.15.28.45, SUMMARY_VECTOR_RECEIVED, 48193
2018.09.16.15.29.05, SUMMARY_VECTOR_RECEIVED, 48193
2018.09.16.15.29.25, SUMMARY_VECTOR_RECEIVED, 48193
2018.09.16.15.29.45, SUMMARY_VECTOR_RECEIVED, 48193
2018.09.16.15.30.05, SUMMARY_VECTOR_RECEIVED, 48193
2018.09.16.15.30.25, SUMMARY_VECTOR_RECEIVED, 48193
2018.09.16.15.30.45, SUMMARY_VECTOR_RECEIVED, 48193
2018.09.16.15.31.05, SUMMARY_VECTOR_RECEIVED, 48193
2018.09.16.15.31.25, SUMMARY_VECTOR_RECEIVED, 48193
2018.09.16.15.31.45, SUMMARY_VECTOR_RECEIVED, 48193
2018.09.16.15.32.05, SUMMARY_VECTOR_RECEIVED, 48193
2018.09.16.15.32.25, SUMMARY_VECTOR_RECEIVED, 48193
2018.09.16.15.32.45, SUMMARY_VECTOR_RECEIVED, 48193
2018.09.16.15.33.05, SUMMARY_VECTOR_RECEIVED, 48193
2018.09.16.15.33.25, SUMMARY_VECTOR_RECEIVED, 48193
2018.09.16.15.33.45, SUMMARY_VECTOR_RECEIVED, 48193
2018.09.16.15.34.05, SUMMARY_VECTOR_RECEIVED, 48193
2018.09.16.15.34.25, SUMMARY_VECTOR_RECEIVED, 48193
2018.09.16.15.34.45, SUMMARY_VECTOR_RECEIVED, 48193
2018.09.16.15.35.05, SUMMARY_VECTOR_RECEIVED, 48193
2018.09.16.15.35.25, SUMMARY_VECTOR_RECEIVED, 48193
2018.09.16.15.35.45, SUMMARY_VECTOR_RECEIVED, 48193
2018.09.16.15.36.05, SUMMARY_VECTOR_RECEIVED, 48193
2018.09.16.15.36.25, SUMMARY_VECTOR_RECEIVED, 48193
2018.09.16.15.36.45, SUMMARY_VECTOR_RECEIVED, 48193
2018.09.16.15.37.00, PEER_DISCOVERED, 7100000001, 192.168.43.246
2018.09.16.15.37.00, SUMMARY_VECTOR_RECEIVED, 30261
2018.09.16.15.37.05, CHECKING OLD LOG FILES IF ANY
2018.09.16.15.37.05, DEBUG Controller MISSING FILE START DOWNLOAD MapDisarm_Log_7100000001_20180916153652.txt 9.999999999999998E13
2018.09.16.15.37.05, SUMMARY_VECTOR_RECEIVED, 48193
2018.09.16.15.37.05, SUMMARY_VECTOR_RECEIVED, 30261
2018.09.16.15.37.05, START_FILE_DOWNLOAD, 414b5663edf84b45fbd7a45a2129e4d, MapDisarm_Log_7100000001_20180916153652.txt, 0, 6513.0, 7100000001
2018.09.16.15.37.05, STOP_FILE_DOWNLOAD, 414b5663edf84b45fbd7a45a2129e4d, MapDisarm_Log_7100000001_20180916153652.txt, 6513, 6513.0, 7100000001
2018.09.16.15.37.10, KEEPING LOGMapDisarm_Log_7100000001_20180916153652.txt
2018.09.16.15.37.10, REMOVING LOGMapDisarm_Log_7100000001_20180916152141.txt
2018.09.16.15.37.10, CHECKING OLD LOG FILES IF ANY
2018.09.16.15.37.13, PEER_LOST, 7100000001, 192.168.43.246
2018.09.16.15.37.25, SUMMARY_VECTOR_RECEIVED, 48565
2018.09.16.15.37.30, CHECKING OLD LOG FILES IF ANY
2018.09.16.15.37.35, CHECKING OLD LOG FILES IF ANY
2018.09.16.15.37.40, CHECKING OLD LOG FILES IF ANY
2018.09.16.15.37.45, CHECKING OLD LOG FILES IF ANY
2018.09.16.15.37.45, SUMMARY_VECTOR_RECEIVED, 48565
2018.09.16.15.37.50, CHECKING OLD LOG FILES IF ANY
2018.09.16.15.37.55, CHECKING OLD LOG FILES IF ANY
2018.09.16.15.38.00, CHECKING OLD LOG FILES IF ANY
2018.09.16.15.38.05, CHECKING OLD LOG FILES IF ANY
2018.09.16.15.38.05, SUMMARY_VECTOR_RECEIVED, 48565
2018.09.16.15.38.10, CHECKING OLD LOG FILES IF ANY
2018.09.16.15.38.15, CHECKING OLD LOG FILES IF ANY
2018.09.16.15.38.20, CHECKING OLD LOG FILES IF ANY
2018.09.16.15.38.25, CHECKING OLD LOG FILES IF ANY
2018.09.16.15.38.25, SUMMARY_VECTOR_RECEIVED, 48565
2018.09.16.15.38.30, CHECKING OLD LOG FILES IF ANY
2018.09.16.15.38.35, CHECKING OLD LOG FILES IF ANY
2018.09.16.15.38.40, CHECKING OLD LOG FILES IF ANY
2018.09.16.15.38.45, CHECKING OLD LOG FILES IF ANY
2018.09.16.15.38.45, SUMMARY_VECTOR_RECEIVED, 48565
2018.09.16.15.38.50, CHECKING OLD LOG FILES IF ANY
2018.09.16.15.38.55, CHECKING OLD LOG FILES IF ANY
2018.09.16.15.39.00, CHECKING OLD LOG FILES IF ANY
2018.09.16.15.39.05, CHECKING OLD LOG FILES IF ANY
2018.09.16.15.39.05, SUMMARY_VECTOR_RECEIVED, 48565
2018.09.16.15.39.10, CHECKING OLD LOG FILES IF ANY
2018.09.16.15.39.15, CHECKING OLD LOG FILES IF ANY
2018.09.16.15.39.20, CHECKING OLD LOG FILES IF ANY
2018.09.16.15.39.25, CHECKING OLD LOG FILES IF ANY
2018.09.16.15.39.25, SUMMARY_VECTOR_RECEIVED, 48565
2018.09.16.15.39.30, CHECKING OLD LOG FILES IF ANY
2018.09.16.15.39.35, CHECKING OLD LOG FILES IF ANY
2018.09.16.15.39.40, CHECKING OLD LOG FILES IF ANY
2018.09.16.15.39.45, CHECKING OLD LOG FILES IF ANY
2018.09.16.15.39.45, SUMMARY_VECTOR_RECEIVED, 48565
2018.09.16.15.39.50, CHECKING OLD LOG FILES IF ANY
2018.09.16.15.39.55, CHECKING OLD LOG FILES IF ANY
2018.09.16.15.40.00, CHECKING OLD LOG FILES IF ANY
2018.09.16.15.40.05, CHECKING OLD LOG FILES IF ANY
2018.09.16.15.40.05, SUMMARY_VECTOR_RECEIVED, 48565
2018.09.16.15.40.10, CHECKING OLD LOG FILES IF ANY
2018.09.16.15.40.15, CHECKING OLD LOG FILES IF ANY
2018.09.16.15.40.20, CHECKING OLD LOG FILES IF ANY
2018.09.16.15.40.25, CHECKING OLD LOG FILES IF ANY
2018.09.16.15.40.25, SUMMARY_VECTOR_RECEIVED, 48565
2018.09.16.15.40.30, CHECKING OLD LOG FILES IF ANY
2018.09.16.15.40.35, CHECKING OLD LOG FILES IF ANY
2018.09.16.15.40.40, CHECKING OLD LOG FILES IF ANY
2018.09.16.15.40.45, CHECKING OLD LOG FILES IF ANY
2018.09.16.15.40.45, SUMMARY_VECTOR_RECEIVED, 48565
2018.09.16.15.40.50, CHECKING OLD LOG FILES IF ANY
2018.09.16.15.40.55, CHECKING OLD LOG FILES IF ANY
2018.09.16.15.41.00, CHECKING OLD LOG FILES IF ANY
2018.09.16.15.41.05, CHECKING OLD LOG FILES IF ANY
2018.09.16.15.41.05, SUMMARY_VECTOR_RECEIVED, 48565
2018.09.16.15.41.10, CHECKING OLD LOG FILES IF ANY
2018.09.16.15.41.15, CHECKING OLD LOG FILES IF ANY
2018.09.16.15.41.20, CHECKING OLD LOG FILES IF ANY
2018.09.16.15.41.25, CHECKING OLD LOG FILES IF ANY
2018.09.16.15.41.25, SUMMARY_VECTOR_RECEIVED, 48565
2018.09.16.15.41.30, CHECKING OLD LOG FILES IF ANY
2018.09.16.15.41.35, CHECKING OLD LOG FILES IF ANY
2018.09.16.15.41.40, CHECKING OLD LOG FILES IF ANY
2018.09.16.15.41.45, CHECKING OLD LOG FILES IF ANY
2018.09.16.15.41.45, SUMMARY_VECTOR_RECEIVED, 48565
2018.09.16.15.41.50, CHECKING OLD LOG FILES IF ANY
2018.09.16.15.41.55, CHECKING OLD LOG FILES IF ANY
2018.09.16.15.42.00, CHECKING OLD LOG FILES IF ANY
2018.09.16.15.42.05, CHECKING OLD LOG FILES IF ANY
2018.09.16.15.42.05, SUMMARY_VECTOR_RECEIVED, 48565
2018.09.16.15.42.10, CHECKING OLD LOG FILES IF ANY
2018.09.16.15.42.15, CHECKING OLD LOG FILES IF ANY
2018.09.16.15.42.20, CHECKING OLD LOG FILES IF ANY
2018.09.16.15.42.25, CHECKING OLD LOG FILES IF ANY
2018.09.16.15.42.25, SUMMARY_VECTOR_RECEIVED, 48565
2018.09.16.15.42.30, CHECKING OLD LOG FILES IF ANY
2018.09.16.15.42.35, CHECKING OLD LOG FILES IF ANY
2018.09.16.15.42.40, CHECKING OLD LOG FILES IF ANY
2018.09.16.15.42.45, CHECKING OLD LOG FILES IF ANY
2018.09.16.15.42.47, PEER_LOST, null, 192.168.43.235
2018.09.16.15.52.30, PEER_DISCOVERED, 7100000001, 192.168.43.246
2018.09.16.15.52.30, SUMMARY_VECTOR_RECEIVED, 30259
2018.09.16.15.52.35, CHECKING OLD LOG FILES IF ANY
2018.09.16.15.52.35, DEBUG Controller MISSING FILE START DOWNLOAD MapDisarm_Log_7100000001_20180916155228.txt 9.999999999999998E13
2018.09.16.15.52.41, PEER_LOST, 7100000001, 192.168.43.246
2018.09.16.16.50.57, PEER_DISCOVERED, 7100000001, 192.168.43.246
2018.09.16.16.51.02, SUMMARY_VECTOR_RECEIVED, 30263
2018.09.16.16.51.07, CHECKING OLD LOG FILES IF ANY
2018.09.16.16.51.07, DEBUG Controller MISSING FILE START DOWNLOAD MapDisarm_Log_7100000001_20180916165058.txt 9.999999999999998E13
2018.09.16.16.51.07, START_FILE_DOWNLOAD, 6e6f5eb7a183cfa990675e4cb3ca276, MapDisarm_Log_7100000001_20180916165058.txt, 0, 10442.0, 7100000001
2018.09.16.16.51.07, STOP_FILE_DOWNLOAD, 6e6f5eb7a183cfa990675e4cb3ca276, MapDisarm_Log_7100000001_20180916165058.txt, 10442, 10442.0, 7100000001
2018.09.16.16.51.07, SUMMARY_VECTOR_RECEIVED, 30263
2018.09.16.16.51.12, REMOVING LOGMapDisarm_Log_7100000001_20180916153652.txt
2018.09.16.16.51.12, KEEPING LOGMapDisarm_Log_7100000001_20180916165058.txt
2018.09.16.16.51.35, PEER_LOST, 7100000001, 192.168.43.246
2018.09.16.17.14.21, PEER_DISCOVERED, 9674209816, 192.168.43.197
2018.09.16.17.14.22, SUMMARY_VECTOR_RECEIVED, 48187
2018.09.16.17.14.27, CHECKING OLD LOG FILES IF ANY
2018.09.16.17.14.27, SUMMARY_VECTOR_RECEIVED, 48187
2018.09.16.17.14.32, CHECKING OLD LOG FILES IF ANY
2018.09.16.17.14.37, CHECKING OLD LOG FILES IF ANY
2018.09.16.17.14.42, CHECKING OLD LOG FILES IF ANY
2018.09.16.17.14.47, CHECKING OLD LOG FILES IF ANY
2018.09.16.17.14.47, SUMMARY_VECTOR_RECEIVED, 48189
2018.09.16.17.14.52, CHECKING OLD LOG FILES IF ANY
2018.09.16.17.14.52, CHECKING OLD LOG FILES IF ANY
2018.09.16.17.14.52, DEBUG Controller MISSING FILE START DOWNLOAD MapDisarm_Log_9674209816_20180916171449.txt 9.999999999999998E13
2018.09.16.17.14.52, START_FILE_DOWNLOAD, 581681f0ed946764da9892cee52e60c5, MapDisarm_Log_9674209816_20180916171449.txt, 0, 1301.0, 9674209816
2018.09.16.17.14.52, STOP_FILE_DOWNLOAD, 581681f0ed946764da9892cee52e60c5, MapDisarm_Log_9674209816_20180916171449.txt, 1301, 1301.0, 9674209816
2018.09.16.17.14.57, REMOVING LOGMapDisarm_Log_9674209816_20180916143655.txt
2018.09.16.17.14.57, KEEPING LOGMapDisarm_Log_9674209816_20180916171449.txt
2018.09.16.17.14.57, CHECKING OLD LOG FILES IF ANY
2018.09.16.17.15.02, CHECKING OLD LOG FILES IF ANY
2018.09.16.17.15.07, CHECKING OLD LOG FILES IF ANY
2018.09.16.17.15.07, SUMMARY_VECTOR_RECEIVED, 48189
2018.09.16.17.15.12, CHECKING OLD LOG FILES IF ANY
2018.09.16.17.15.17, CHECKING OLD LOG FILES IF ANY
2018.09.16.17.15.22, CHECKING OLD LOG FILES IF ANY
2018.09.16.17.15.27, CHECKING OLD LOG FILES IF ANY
2018.09.16.17.15.27, SUMMARY_VECTOR_RECEIVED, 48181
2018.09.16.17.15.32, CHECKING OLD LOG FILES IF ANY
2018.09.16.17.15.32, CHECKING OLD LOG FILES IF ANY
2018.09.16.17.15.32, DEBUG Controller MISSING FILE START DOWNLOAD MapDisarm_Log_9674209816_20180916171509.txt 9.999999999999998E13
2018.09.16.17.15.37, CHECKING OLD LOG FILES IF ANY
2018.09.16.17.15.42, CHECKING OLD LOG FILES IF ANY
2018.09.16.17.15.47, CHECKING OLD LOG FILES IF ANY
2018.09.16.17.15.47, SUMMARY_VECTOR_RECEIVED, 48187
2018.09.16.17.15.52, CHECKING OLD LOG FILES IF ANY
2018.09.16.17.15.52, CHECKING OLD LOG FILES IF ANY
2018.09.16.17.15.52, DEBUG Controller MISSING FILE START DOWNLOAD MapDisarm_Log_9674209816_20180916171529.txt 9.999999999999998E13
2018.09.16.17.15.57, CHECKING OLD LOG FILES IF ANY
2018.09.16.17.16.02, CHECKING OLD LOG FILES IF ANY
2018.09.16.17.16.07, CHECKING OLD LOG FILES IF ANY
2018.09.16.17.16.12, CHECKING OLD LOG FILES IF ANY
2018.09.16.17.16.14, PEER_LOST, 9674209816, 192.168.43.197
2018.09.16.18.38.33, PEER_DISCOVERED, 7100000001, 192.168.43.246
2018.09.16.18.38.34, SUMMARY_VECTOR_RECEIVED, 30265
2018.09.16.18.38.39, CHECKING OLD LOG FILES IF ANY
2018.09.16.18.38.39, CHECKING OLD LOG FILES IF ANY
2018.09.16.18.38.39, DEBUG Controller MISSING FILE START DOWNLOAD MapDisarm_Log_7100000001_20180916165115.txt 9.999999999999998E13
2018.09.16.18.38.49, SUMMARY_VECTOR_RECEIVED, 30265
2018.09.16.18.38.54, CHECKING OLD LOG FILES IF ANY
2018.09.16.18.38.54, CHECKING OLD LOG FILES IF ANY
2018.09.16.18.38.54, DEBUG Controller MISSING FILE START DOWNLOAD MapDisarm_Log_7100000001_20180916183833.txt 9.999999999999998E13
2018.09.16.18.38.58, PEER_LOST, 7100000001, 192.168.43.246
2018.09.16.18.40.43, PEER_DISCOVERED, 9582739281, 192.168.43.246
2018.09.16.18.40.44, SUMMARY_VECTOR_RECEIVED, 2185
2018.09.16.18.40.49, DEBUG Controller MISSING FILE START DOWNLOAD pub_9582739281.bgp -1.0
2018.09.16.18.40.49, SUMMARY_VECTOR_RECEIVED, 2554
2018.09.16.18.40.49, START_FILE_DOWNLOAD, 1a5675fca8ee2abfb3628dedd645df8, pub_9582739281.bgp, 0, 313.0, 9582739281
2018.09.16.18.40.49, STOP_FILE_DOWNLOAD, 1a5675fca8ee2abfb3628dedd645df8, pub_9582739281.bgp, 313, 313.0, 9582739281
2018.09.16.18.40.54, CHECKING OLD LOG FILES IF ANY
2018.09.16.18.40.54, DEBUG Controller MISSING FILE START DOWNLOAD MapDisarm_Log_9582739281_20180916184043.txt 9.999999999999998E13
2018.09.16.18.40.54, START_FILE_DOWNLOAD, 2928fded49ad5fc3ad79f4d92dd3bb, MapDisarm_Log_9582739281_20180916184043.txt, 0, 49.0, 9582739281
2018.09.16.18.40.54, STOP_FILE_DOWNLOAD, 2928fded49ad5fc3ad79f4d92dd3bb, MapDisarm_Log_9582739281_20180916184043.txt, 49, 49.0, 9582739281
2018.09.16.18.40.59, KEEPING LOGMapDisarm_Log_9582739281_20180916184043.txt
2018.09.16.18.41.10, SUMMARY_VECTOR_RECEIVED, 2556
2018.09.16.18.41.15, CHECKING OLD LOG FILES IF ANY
2018.09.16.18.41.15, DEBUG Controller MISSING FILE START DOWNLOAD MapDisarm_Log_9582739281_20180916184103.txt 9.999999999999998E13
2018.09.16.18.41.15, START_FILE_DOWNLOAD, 1148a8a3522978faaab52f39d32bf85, MapDisarm_Log_9582739281_20180916184103.txt, 0, 99.0, 9582739281
2018.09.16.18.41.15, STOP_FILE_DOWNLOAD, 1148a8a3522978faaab52f39d32bf85, MapDisarm_Log_9582739281_20180916184103.txt, 99, 99.0, 9582739281
2018.09.16.18.41.20, REMOVING LOGMapDisarm_Log_9582739281_20180916184043.txt
2018.09.16.18.41.20, KEEPING LOGMapDisarm_Log_9582739281_20180916184103.txt
2018.09.16.18.41.30, SUMMARY_VECTOR_RECEIVED, 2556
2018.09.16.18.41.35, CHECKING OLD LOG FILES IF ANY
2018.09.16.18.41.35, DEBUG Controller MISSING FILE START DOWNLOAD MapDisarm_Log_9582739281_20180916184123.txt 9.999999999999998E13
2018.09.16.18.41.35, START_FILE_DOWNLOAD, 32cdaf9a5bc0dc56e564df349a5719, MapDisarm_Log_9582739281_20180916184123.txt, 0, 149.0, 9582739281
2018.09.16.18.41.35, STOP_FILE_DOWNLOAD, 32cdaf9a5bc0dc56e564df349a5719, MapDisarm_Log_9582739281_20180916184123.txt, 149, 149.0, 9582739281
2018.09.16.18.41.40, REMOVING LOGMapDisarm_Log_9582739281_20180916184103.txt
2018.09.16.18.41.40, KEEPING LOGMapDisarm_Log_9582739281_20180916184123.txt
2018.09.16.18.41.50, SUMMARY_VECTOR_RECEIVED, 2558
2018.09.16.18.41.55, CHECKING OLD LOG FILES IF ANY
2018.09.16.18.41.55, DEBUG Controller MISSING FILE START DOWNLOAD MapDisarm_Log_9582739281_20180916184144.txt 9.999999999999998E13
2018.09.16.18.41.55, START_FILE_DOWNLOAD, 3b4d66b44e8c5dbae949953abb8932d, MapDisarm_Log_9582739281_20180916184144.txt, 0, 198.0, 9582739281
2018.09.16.18.41.55, STOP_FILE_DOWNLOAD, 3b4d66b44e8c5dbae949953abb8932d, MapDisarm_Log_9582739281_20180916184144.txt, 198, 198.0, 9582739281
2018.09.16.18.42.00, REMOVING LOGMapDisarm_Log_9582739281_20180916184123.txt
2018.09.16.18.42.00, KEEPING LOGMapDisarm_Log_9582739281_20180916184144.txt
2018.09.16.18.42.11, SUMMARY_VECTOR_RECEIVED, 2558
2018.09.16.18.42.31, SUMMARY_VECTOR_RECEIVED, 2558
2018.09.16.18.42.51, SUMMARY_VECTOR_RECEIVED, 2558
2018.09.16.18.43.11, SUMMARY_VECTOR_RECEIVED, 2558
2018.09.16.18.43.31, SUMMARY_VECTOR_RECEIVED, 2558
2018.09.16.18.43.50, SUMMARY_VECTOR_RECEIVED, 2558
2018.09.16.18.44.11, SUMMARY_VECTOR_RECEIVED, 2558
2018.09.16.18.44.31, SUMMARY_VECTOR_RECEIVED, 2558
2018.09.16.18.44.51, SUMMARY_VECTOR_RECEIVED, 2560
2018.09.16.18.44.55, CHECKING OLD LOG FILES IF ANY
2018.09.16.18.44.55, DEBUG Controller MISSING FILE START DOWNLOAD MapDisarm_Log_9582739281_20180916184441.txt 9.999999999999998E13
2018.09.16.18.44.56, START_FILE_DOWNLOAD, 4231b2cfe5d6b25e49782827b3f4b21a, MapDisarm_Log_9582739281_20180916184441.txt, 0, 248.0, 9582739281
2018.09.16.18.44.56, STOP_FILE_DOWNLOAD, 4231b2cfe5d6b25e49782827b3f4b21a, MapDisarm_Log_9582739281_20180916184441.txt, 248, 248.0, 9582739281
2018.09.16.18.45.01, KEEPING LOGMapDisarm_Log_9582739281_20180916184441.txt
2018.09.16.18.45.01, REMOVING LOGMapDisarm_Log_9582739281_20180916184144.txt
2018.09.16.18.45.11, SUMMARY_VECTOR_RECEIVED, 2554
2018.09.16.18.45.16, CHECKING OLD LOG FILES IF ANY
2018.09.16.18.45.16, DEBUG Controller MISSING FILE START DOWNLOAD MapDisarm_Log_9582739281_20180916184500.txt 9.999999999999998E13
2018.09.16.18.45.16, START_FILE_DOWNLOAD, 20c8674cf54465bd6c1696aa753f1, MapDisarm_Log_9582739281_20180916184500.txt, 0, 298.0, 9582739281
2018.09.16.18.45.16, STOP_FILE_DOWNLOAD, 20c8674cf54465bd6c1696aa753f1, MapDisarm_Log_9582739281_20180916184500.txt, 298, 298.0, 9582739281
2018.09.16.18.45.21, REMOVING LOGMapDisarm_Log_9582739281_20180916184441.txt
2018.09.16.18.45.21, KEEPING LOGMapDisarm_Log_9582739281_20180916184500.txt
2018.09.16.18.45.31, SUMMARY_VECTOR_RECEIVED, 2556
2018.09.16.18.45.36, CHECKING OLD LOG FILES IF ANY
2018.09.16.18.45.36, DEBUG Controller MISSING FILE START DOWNLOAD MapDisarm_Log_9582739281_20180916184520.txt 9.999999999999998E13
2018.09.16.18.45.36, START_FILE_DOWNLOAD, 65515a7a218b09a351666dfe328838, MapDisarm_Log_9582739281_20180916184520.txt, 0, 348.0, 9582739281
2018.09.16.18.45.36, STOP_FILE_DOWNLOAD, 65515a7a218b09a351666dfe328838, MapDisarm_Log_9582739281_20180916184520.txt, 348, 348.0, 9582739281
2018.09.16.18.45.41, REMOVING LOGMapDisarm_Log_9582739281_20180916184500.txt
2018.09.16.18.45.41, KEEPING LOGMapDisarm_Log_9582739281_20180916184520.txt
2018.09.16.18.45.48, PEER_LOST, 9582739281, 192.168.43.246
2018.09.16.18.46.02, PEER_DISCOVERED, 9582739281, 192.168.43.246
2018.09.16.18.46.07, SUMMARY_VECTOR_RECEIVED, 2560
2018.09.16.18.46.11, CHECKING OLD LOG FILES IF ANY
2018.09.16.18.46.11, DEBUG Controller MISSING FILE START DOWNLOAD MapDisarm_Log_9582739281_20180916184603.txt 9.999999999999998E13
2018.09.16.18.46.19, PEER_LOST, 9582739281, 192.168.43.246
2018.09.16.18.47.49, PEER_DISCOVERED, 9674209814, 192.168.43.208
2018.09.16.18.47.51, SUMMARY_VECTOR_RECEIVED, 10649
2018.09.16.18.47.56, CHECKING OLD LOG FILES IF ANY
2018.09.16.18.47.56, DEBUG Controller MISSING FILE START DOWNLOAD pub_9674209814.bgp -1.0
2018.09.16.18.47.56, DEBUG Controller MISSING FILE START DOWNLOAD 1aa6a252b95e628ed7ca8da528020989_v7318831572_volunteer_50.bgp -1.0
2018.09.16.18.47.56, DEBUG Controller MISSING FILE START DOWNLOAD 36dea2c68239a1f6ec5ec8a233b66aec_v9674209814_volunteer_50.bgp -1.0
2018.09.16.18.47.56, START_FILE_DOWNLOAD, 6cc02f8abf336e451eb136e540d114f7, pub_9674209814.bgp, 0, 313.0, 9674209814
2018.09.16.18.47.56, STOP_FILE_DOWNLOAD, 6cc02f8abf336e451eb136e540d114f7, pub_9674209814.bgp, 313, 313.0, 9674209814
2018.09.16.18.47.56, START_FILE_DOWNLOAD, 756184ad4ecdc5beee3efb2b6609520, 1aa6a252b95e628ed7ca8da528020989_v7318831572_volunteer_50_38c882f7934234f6.jpeg, 0, 184712.0, 192.168.43.208
2018.09.16.18.47.56, START_FILE_DOWNLOAD, 7bfadf8f0878265b30dde7eb3291c, 36dea2c68239a1f6ec5ec8a233b66aec_v9674209814_volunteer_50.bgp, 0, 823.0, 9674209814
2018.09.16.18.47.56, STOP_FILE_DOWNLOAD, 7bfadf8f0878265b30dde7eb3291c, 36dea2c68239a1f6ec5ec8a233b66aec_v9674209814_volunteer_50.bgp, 823, 823.0, 9674209814
2018.09.16.18.47.56, START_FILE_DOWNLOAD, 241c2eece7724dbb8bfa67cd428c2b, 36dea2c68239a1f6ec5ec8a233b66aec_v9674209814_volunteer_50_a4b0aad0e433a601.jpeg, 0, 2996659.0, 192.168.43.208
2018.09.16.18.47.56, START_FILE_DOWNLOAD, ae948dc7d124a114b63ef1c6dca4d373, 36dea2c68239a1f6ec5ec8a233b66aec_v9674209814_volunteer_50_1.diff, 0, 222.0, 192.168.43.208
2018.09.16.18.47.56, START_FILE_DOWNLOAD, b084ac5d50a55b6c443dd393b4b7da14, 36dea2c68239a1f6ec5ec8a233b66aec_v9674209814_volunteer_50_74aa861832a51259.png, 0, 106700.0, 192.168.43.208
2018.09.16.18.47.56, START_FILE_DOWNLOAD, c8a2d8cb1e8c1df00ceceb85b942a8, 1aa6a252b95e628ed7ca8da528020989_v7318831572_volunteer_50.bgp, 0, 851.0, 9674209814
2018.09.16.18.47.56, START_FILE_DOWNLOAD, d01f748b2d5e1079e585767458d8c, 36dea2c68239a1f6ec5ec8a233b66aec_v9674209814_volunteer_50_3.diff, 0, 778.0, 192.168.43.208
2018.09.16.18.47.56, START_FILE_DOWNLOAD, 1c92e56d39b1e28b178e31884e9bb697, 36dea2c68239a1f6ec5ec8a233b66aec_v9674209814_volunteer_50_4da40ea55ed3855a.png, 0, 482411.0, 192.168.43.208
2018.09.16.18.47.56, START_FILE_DOWNLOAD, d6f31c97ffbbcd410aa3d656ce9767, 36dea2c68239a1f6ec5ec8a233b66aec_v9674209814_volunteer_50_4.diff, 0, 836.0, 192.168.43.208
2018.09.16.18.47.56, START_FILE_DOWNLOAD, 736cc2275802acc168944187da25070, 36dea2c68239a1f6ec5ec8a233b66aec_v9674209814_volunteer_50_2.diff, 0, 625.0, 192.168.43.208
2018.09.16.18.47.56, STOP_FILE_DOWNLOAD, d01f748b2d5e1079e585767458d8c, 36dea2c68239a1f6ec5ec8a233b66aec_v9674209814_volunteer_50_3.diff, 778, 778.0, 192.168.43.208
2018.09.16.18.47.56, STOP_FILE_DOWNLOAD, ae948dc7d124a114b63ef1c6dca4d373, 36dea2c68239a1f6ec5ec8a233b66aec_v9674209814_volunteer_50_1.diff, 222, 222.0, 192.168.43.208
2018.09.16.18.47.56, STOP_FILE_DOWNLOAD, 736cc2275802acc168944187da25070, 36dea2c68239a1f6ec5ec8a233b66aec_v9674209814_volunteer_50_2.diff, 625, 625.0, 192.168.43.208
2018.09.16.18.47.56, STOP_FILE_DOWNLOAD, c8a2d8cb1e8c1df00ceceb85b942a8, 1aa6a252b95e628ed7ca8da528020989_v7318831572_volunteer_50.bgp, 851, 851.0, 9674209814
2018.09.16.18.47.56, STOP_FILE_DOWNLOAD, d6f31c97ffbbcd410aa3d656ce9767, 36dea2c68239a1f6ec5ec8a233b66aec_v9674209814_volunteer_50_4.diff, 836, 836.0, 192.168.43.208
2018.09.16.18.47.56, START_FILE_DOWNLOAD, 3c8ac65b13547e52f99e08d828afa4f, 36dea2c68239a1f6ec5ec8a233b66aec_v9674209814_volunteer_50_ac783e3451f8733.jpeg, 0, 217430.0, 192.168.43.208
2018.09.16.18.47.56, STOP_FILE_DOWNLOAD, 756184ad4ecdc5beee3efb2b6609520, 1aa6a252b95e628ed7ca8da528020989_v7318831572_volunteer_50_38c882f7934234f6.jpeg, 184712, 184712.0, 192.168.43.208
2018.09.16.18.47.56, STOP_FILE_DOWNLOAD, 241c2eece7724dbb8bfa67cd428c2b, 36dea2c68239a1f6ec5ec8a233b66aec_v9674209814_volunteer_50_a4b0aad0e433a601.jpeg, 194187, 2996659.0, 192.168.43.208
2018.09.16.18.47.56, STOP_FILE_DOWNLOAD, 3c8ac65b13547e52f99e08d828afa4f, 36dea2c68239a1f6ec5ec8a233b66aec_v9674209814_volunteer_50_ac783e3451f8733.jpeg, 217430, 217430.0, 192.168.43.208
2018.09.16.18.47.56, STOP_FILE_DOWNLOAD, b084ac5d50a55b6c443dd393b4b7da14, 36dea2c68239a1f6ec5ec8a233b66aec_v9674209814_volunteer_50_74aa861832a51259.png, 278910, 106700.0, 192.168.43.208
2018.09.16.18.47.56, STOP_FILE_DOWNLOAD, 1c92e56d39b1e28b178e31884e9bb697, 36dea2c68239a1f6ec5ec8a233b66aec_v9674209814_volunteer_50_4da40ea55ed3855a.png, 482411, 482411.0, 192.168.43.208
2018.09.16.18.48.11, SUMMARY_VECTOR_RECEIVED, 10649
2018.09.16.18.48.16, CHECKING OLD LOG FILES IF ANY
2018.09.16.18.48.16, DEBUG Controller MISSING FILE START DOWNLOAD 36dea2c68239a1f6ec5ec8a233b66aec_v9674209814_volunteer_50_a4b0aad0e433a601.jpeg -1.0
2018.09.16.18.48.16, DEBUG Controller MISSING FILE START DOWNLOAD MapDisarm_Log_9674209814_20180916184808.txt 9.999999999999998E13
2018.09.16.18.48.17, START_FILE_DOWNLOAD, 8abd19531fa49cd08954fea94f96dd83, MapDisarm_Log_9674209814_20180916184808.txt, 0, 32374.0, 9674209814
2018.09.16.18.48.17, STOP_FILE_DOWNLOAD, 8abd19531fa49cd08954fea94f96dd83, MapDisarm_Log_9674209814_20180916184808.txt, 32374, 32374.0, 9674209814
2018.09.16.18.48.21, KEEPING LOGMapDisarm_Log_9674209814_20180916184808.txt
2018.09.16.18.48.32, SUMMARY_VECTOR_RECEIVED, 10649
2018.09.16.18.48.36, DEBUG Controller MISSING FILE START DOWNLOAD 36dea2c68239a1f6ec5ec8a233b66aec_v9674209814_volunteer_50_a4b0aad0e433a601.jpeg -1.0
2018.09.16.18.48.52, SUMMARY_VECTOR_RECEIVED, 10649
2018.09.16.18.48.56, CHECKING OLD LOG FILES IF ANY
2018.09.16.18.48.56, DEBUG Controller MISSING FILE START DOWNLOAD 36dea2c68239a1f6ec5ec8a233b66aec_v9674209814_volunteer_50_a4b0aad0e433a601.jpeg -1.0
2018.09.16.18.48.56, DEBUG Controller MISSING FILE START DOWNLOAD MapDisarm_Log_9674209814_20180916184829.txt 9.999999999999998E13
2018.09.16.18.49.12, SUMMARY_VECTOR_RECEIVED, 10647
2018.09.16.18.49.16, CHECKING OLD LOG FILES IF ANY
2018.09.16.18.49.17, DEBUG Controller MISSING FILE START DOWNLOAD 36dea2c68239a1f6ec5ec8a233b66aec_v9674209814_volunteer_50_a4b0aad0e433a601.jpeg -1.0
2018.09.16.18.49.17, DEBUG Controller MISSING FILE START DOWNLOAD MapDisarm_Log_9674209814_20180916184849.txt 9.999999999999998E13
2018.09.16.18.49.32, SUMMARY_VECTOR_RECEIVED, 10647
2018.09.16.18.49.37, CHECKING OLD LOG FILES IF ANY
2018.09.16.18.49.37, DEBUG Controller MISSING FILE START DOWNLOAD 36dea2c68239a1f6ec5ec8a233b66aec_v9674209814_volunteer_50_a4b0aad0e433a601.jpeg -1.0
2018.09.16.18.49.37, DEBUG Controller MISSING FILE START DOWNLOAD MapDisarm_Log_9674209814_20180916184909.txt 9.999999999999998E13
2018.09.16.18.49.50, PEER_LOST, 9674209814, 192.168.43.208
2018.09.16.18.50.26, PEER_DISCOVERED, 9674209814, 192.168.43.208
2018.09.16.18.50.27, SUMMARY_VECTOR_RECEIVED, 2187
2018.09.16.18.50.33, SUMMARY_VECTOR_RECEIVED, 2558
2018.09.16.18.50.37, CHECKING OLD LOG FILES IF ANY
2018.09.16.18.50.37, DEBUG Controller MISSING FILE START DOWNLOAD MapDisarm_Log_9674209814_20180916185026.txt 9.999999999999998E13
2018.09.16.18.50.37, START_FILE_DOWNLOAD, 2a96f54973ccd997fcbdd789c93f12c, MapDisarm_Log_9674209814_20180916185026.txt, 0, 49.0, 9674209814
2018.09.16.18.50.37, STOP_FILE_DOWNLOAD, 2a96f54973ccd997fcbdd789c93f12c, MapDisarm_Log_9674209814_20180916185026.txt, 49, 49.0, 9674209814
2018.09.16.18.50.42, REMOVING LOGMapDisarm_Log_9674209814_20180916184808.txt
2018.09.16.18.50.42, KEEPING LOGMapDisarm_Log_9674209814_20180916185026.txt
2018.09.16.18.50.52, SUMMARY_VECTOR_RECEIVED, 2558
2018.09.16.18.51.12, SUMMARY_VECTOR_RECEIVED, 2558
2018.09.16.18.51.33, SUMMARY_VECTOR_RECEIVED, 2558
2018.09.16.18.51.52, SUMMARY_VECTOR_RECEIVED, 2558
